n,fichier,cle,colonne,ancienne_valeur,nouvelle_valeur,auteur,saisi_le,preuve,note
1,documents,0000037996-0000037996-26-000015,local_copy,,copies/0000037996-0000037996-26-000015/f-20251231.htm,"edgar_normalize.py import-filing (téléchargé automatiquement depuis https://www.sec.gov/Archives/edgar/data/37996/000003799626000015/f-20251231.htm, le 2026-09-28T17:52:09+00:00)",2026-09-29T11:13:41+00:00,url:https://www.sec.gov/Archives/edgar/data/37996/000003799626000015/f-20251231.htm,"téléchargé automatiquement depuis https://www.sec.gov/Archives/edgar/data/37996/000003799626000015/f-20251231.htm, le 2026-09-28T17:52:09+00:00"
2,documents,0000037996-0000037996-26-000015,local_sha256,,5fc89b91c4f8bba48d771acfea68da9bee5f0d528167c2c243e62a3ab9296b3b,"edgar_normalize.py import-filing (téléchargé automatiquement depuis https://www.sec.gov/Archives/edgar/data/37996/000003799626000015/f-20251231.htm, le 2026-09-28T17:52:09+00:00)",2026-09-29T11:13:41+00:00,url:https://www.sec.gov/Archives/edgar/data/37996/000003799626000015/f-20251231.htm,empreinte calculée à l'import
3,concept_map,us-gaap:Assets,source_concept,,us-gaap:Assets,"edgar_normalize.py reconcile-ixbrl (règles edgar_v7 sha256:10b5c23c53bba18f, automatique)",2026-09-29T11:13:43+00:00,url:https://data.sec.gov/api/xbrl/companyfacts/CIK0000037996.json,règle R2 (edgar_v7) ; libellé taxonomie : Assets
4,concept_map,us-gaap:Assets,normalized_concept,,total_assets,"edgar_normalize.py reconcile-ixbrl (règles edgar_v7 sha256:10b5c23c53bba18f, automatique)",2026-09-29T11:13:43+00:00,url:https://data.sec.gov/api/xbrl/companyfacts/CIK0000037996.json,règle R2 (edgar_v7) ; libellé taxonomie : Assets
5,concept_map,us-gaap:Assets,justification,,Total des actifs comptabilisés à la date du bilan. Définition de la taxonomie recopiée depuis companyfacts (champ description). Définition (us-gaap) : « Sum of the carrying amounts as of the balance sheet date of all assets that are recognized. Assets are probable future economic benefits obtained or controlled by an entity as a result of past transactions or events. »,"edgar_normalize.py reconcile-ixbrl (règles edgar_v7 sha256:10b5c23c53bba18f, automatique)",2026-09-29T11:13:43+00:00,url:https://data.sec.gov/api/xbrl/companyfacts/CIK0000037996.json,règle R2 (edgar_v7) ; libellé taxonomie : Assets
6,facts,0000037996-0000037996-26-000015-us-gaap:Assets-USD--2023-12-31,source_context,,c-31,"edgar_normalize.py reconcile-ixbrl (règles edgar_v7 sha256:10b5c23c53bba18f, automatique)",2026-09-29T11:13:43+00:00,fichier:copies/0000037996-0000037996-26-000015/f-20251231.htm#sha256=5fc89b91c4f8bba48d771acfea68da9bee5f0d528167c2c243e62a3ab9296b3b,identifiant du contexte XBRL du document
7,facts,0000037996-0000037996-26-000015-us-gaap:Assets-USD--2023-12-31,source_dimensions,INCONNU,,"edgar_normalize.py reconcile-ixbrl (règles edgar_v7 sha256:10b5c23c53bba18f, automatique)",2026-09-29T11:13:43+00:00,fichier:copies/0000037996-0000037996-26-000015/f-20251231.htm#sha256=5fc89b91c4f8bba48d771acfea68da9bee5f0d528167c2c243e62a3ab9296b3b,établi par le document : contexte sans segment
8,facts,0000037996-0000037996-26-000015-us-gaap:Assets-USD--2023-12-31,decimals,,-6,"edgar_normalize.py reconcile-ixbrl (règles edgar_v7 sha256:10b5c23c53bba18f, automatique)",2026-09-29T11:13:43+00:00,fichier:copies/0000037996-0000037996-26-000015/f-20251231.htm#sha256=5fc89b91c4f8bba48d771acfea68da9bee5f0d528167c2c243e62a3ab9296b3b,attribut decimals du document
9,facts,0000037996-0000037996-26-000015-us-gaap:Assets-USD--2023-12-31,normalized_concept,,total_assets,"edgar_normalize.py reconcile-ixbrl (règles edgar_v7 sha256:10b5c23c53bba18f, automatique)",2026-09-29T11:13:43+00:00,fichier:copies/0000037996-0000037996-26-000015/f-20251231.htm#sha256=5fc89b91c4f8bba48d771acfea68da9bee5f0d528167c2c243e62a3ab9296b3b,R2
10,facts,0000037996-0000037996-26-000015-us-gaap:Assets-USD--2023-12-31,transformation,,aucune,"edgar_normalize.py reconcile-ixbrl (règles edgar_v7 sha256:10b5c23c53bba18f, automatique)",2026-09-29T11:13:43+00:00,fichier:copies/0000037996-0000037996-26-000015/f-20251231.htm#sha256=5fc89b91c4f8bba48d771acfea68da9bee5f0d528167c2c243e62a3ab9296b3b,valeur reprise telle quelle
11,facts,0000037996-0000037996-26-000015-us-gaap:Assets-USD--2023-12-31,value,,273310000000,"edgar_normalize.py reconcile-ixbrl (règles edgar_v7 sha256:10b5c23c53bba18f, automatique)",2026-09-29T11:13:43+00:00,fichier:copies/0000037996-0000037996-26-000015/f-20251231.htm#sha256=5fc89b91c4f8bba48d771acfea68da9bee5f0d528167c2c243e62a3ab9296b3b,valeur reprise telle quelle
12,facts,0000037996-0000037996-26-000015-us-gaap:Assets-USD--2023-12-31,normalization_justification,,"Règle R2 (règles edgar_v7 sha256:10b5c23c53bba18f) : us-gaap:Assets [USD, instant] -> total_assets ; valeur reprise telle quelle ; contexte c-31 sans segment dans le document ; entrée brute facts/us-gaap/Assets/units/USD/181 (sha256 16bfd2c1f927e05f…).","edgar_normalize.py reconcile-ixbrl (règles edgar_v7 sha256:10b5c23c53bba18f, automatique)",2026-09-29T11:13:43+00:00,fichier:copies/0000037996-0000037996-26-000015/f-20251231.htm#sha256=5fc89b91c4f8bba48d771acfea68da9bee5f0d528167c2c243e62a3ab9296b3b,R2
13,facts,0000037996-0000037996-26-000015-us-gaap:Assets-USD--2023-12-31,reconciled,,auto,"edgar_normalize.py reconcile-ixbrl (règles edgar_v7 sha256:10b5c23c53bba18f, automatique)",2026-09-29T11:13:43+00:00,fichier:copies/0000037996-0000037996-26-000015/f-20251231.htm#sha256=5fc89b91c4f8bba48d771acfea68da9bee5f0d528167c2c243e62a3ab9296b3b,rapprochement automatique XBRL en ligne
14,facts,0000037996-0000037996-26-000015-us-gaap:Assets-USD--2023-12-31,reconciled_note,,"AUTOMATIQUE : copies/0000037996-0000037996-26-000015/f-20251231.htm (sha256 5fc89b91c4f8bba4…), 1 élément(s) ix:nonFraction us-gaap:Assets contexte c-31 sans segment, id f-3082, affiché « 273,310 », échelle 6 = 273310000000 ; à relire par une personne.","edgar_normalize.py reconcile-ixbrl (règles edgar_v7 sha256:10b5c23c53bba18f, automatique)",2026-09-29T11:13:43+00:00,fichier:copies/0000037996-0000037996-26-000015/f-20251231.htm#sha256=5fc89b91c4f8bba48d771acfea68da9bee5f0d528167c2c243e62a3ab9296b3b,
15,facts,0000037996-0000037996-26-000015-us-gaap:Assets-USD--2024-12-31,source_context,,c-18,"edgar_normalize.py reconcile-ixbrl (règles edgar_v7 sha256:10b5c23c53bba18f, automatique)",2026-09-29T11:13:43+00:00,fichier:copies/0000037996-0000037996-26-000015/f-20251231.htm#sha256=5fc89b91c4f8bba48d771acfea68da9bee5f0d528167c2c243e62a3ab9296b3b,identifiant du contexte XBRL du document
16,facts,0000037996-0000037996-26-000015-us-gaap:Assets-USD--2024-12-31,source_dimensions,INCONNU,,"edgar_normalize.py reconcile-ixbrl (règles edgar_v7 sha256:10b5c23c53bba18f, automatique)",2026-09-29T11:13:43+00:00,fichier:copies/0000037996-0000037996-26-000015/f-20251231.htm#sha256=5fc89b91c4f8bba48d771acfea68da9bee5f0d528167c2c243e62a3ab9296b3b,établi par le document : contexte sans segment
17,facts,0000037996-0000037996-26-000015-us-gaap:Assets-USD--2024-12-31,decimals,,-6,"edgar_normalize.py reconcile-ixbrl (règles edgar_v7 sha256:10b5c23c53bba18f, automatique)",2026-09-29T11:13:43+00:00,fichier:copies/0000037996-0000037996-26-000015/f-20251231.htm#sha256=5fc89b91c4f8bba48d771acfea68da9bee5f0d528167c2c243e62a3ab9296b3b,attribut decimals du document
18,facts,0000037996-0000037996-26-000015-us-gaap:Assets-USD--2024-12-31,normalized_concept,,total_assets,"edgar_normalize.py reconcile-ixbrl (règles edgar_v7 sha256:10b5c23c53bba18f, automatique)",2026-09-29T11:13:43+00:00,fichier:copies/0000037996-0000037996-26-000015/f-20251231.htm#sha256=5fc89b91c4f8bba48d771acfea68da9bee5f0d528167c2c243e62a3ab9296b3b,R2
19,facts,0000037996-0000037996-26-000015-us-gaap:Assets-USD--2024-12-31,transformation,,aucune,"edgar_normalize.py reconcile-ixbrl (règles edgar_v7 sha256:10b5c23c53bba18f, automatique)",2026-09-29T11:13:43+00:00,fichier:copies/0000037996-0000037996-26-000015/f-20251231.htm#sha256=5fc89b91c4f8bba48d771acfea68da9bee5f0d528167c2c243e62a3ab9296b3b,valeur reprise telle quelle
20,facts,0000037996-0000037996-26-000015-us-gaap:Assets-USD--2024-12-31,value,,285196000000,"edgar_normalize.py reconcile-ixbrl (règles edgar_v7 sha256:10b5c23c53bba18f, automatique)",2026-09-29T11:13:43+00:00,fichier:copies/0000037996-0000037996-26-000015/f-20251231.htm#sha256=5fc89b91c4f8bba48d771acfea68da9bee5f0d528167c2c243e62a3ab9296b3b,valeur reprise telle quelle
21,facts,0000037996-0000037996-26-000015-us-gaap:Assets-USD--2024-12-31,normalization_justification,,"Règle R2 (règles edgar_v7 sha256:10b5c23c53bba18f) : us-gaap:Assets [USD, instant] -> total_assets ; valeur reprise telle quelle ; contexte c-18 sans segment dans le document ; entrée brute facts/us-gaap/Assets/units/USD/192 (sha256 0bf72b96f01c16a4…).","edgar_normalize.py reconcile-ixbrl (règles edgar_v7 sha256:10b5c23c53bba18f, automatique)",2026-09-29T11:13:43+00:00,fichier:copies/0000037996-0000037996-26-000015/f-20251231.htm#sha256=5fc89b91c4f8bba48d771acfea68da9bee5f0d528167c2c243e62a3ab9296b3b,R2
22,facts,0000037996-0000037996-26-000015-us-gaap:Assets-USD--2024-12-31,reconciled,,auto,"edgar_normalize.py reconcile-ixbrl (règles edgar_v7 sha256:10b5c23c53bba18f, automatique)",2026-09-29T11:13:43+00:00,fichier:copies/0000037996-0000037996-26-000015/f-20251231.htm#sha256=5fc89b91c4f8bba48d771acfea68da9bee5f0d528167c2c243e62a3ab9296b3b,rapprochement automatique XBRL en ligne
23,facts,0000037996-0000037996-26-000015-us-gaap:Assets-USD--2024-12-31,reconciled_note,,"AUTOMATIQUE : copies/0000037996-0000037996-26-000015/f-20251231.htm (sha256 5fc89b91c4f8bba4…), 2 élément(s) ix:nonFraction us-gaap:Assets contexte c-18 sans segment, id f-188, affiché « 285,196 », échelle 6 = 285196000000 ; à relire par une personne.","edgar_normalize.py reconcile-ixbrl (règles edgar_v7 sha256:10b5c23c53bba18f, automatique)",2026-09-29T11:13:43+00:00,fichier:copies/0000037996-0000037996-26-000015/f-20251231.htm#sha256=5fc89b91c4f8bba48d771acfea68da9bee5f0d528167c2c243e62a3ab9296b3b,
24,facts,0000037996-0000037996-26-000015-us-gaap:Assets-USD--2025-12-31,source_context,,c-19,"edgar_normalize.py reconcile-ixbrl (règles edgar_v7 sha256:10b5c23c53bba18f, automatique)",2026-09-29T11:13:43+00:00,fichier:copies/0000037996-0000037996-26-000015/f-20251231.htm#sha256=5fc89b91c4f8bba48d771acfea68da9bee5f0d528167c2c243e62a3ab9296b3b,identifiant du contexte XBRL du document
25,facts,0000037996-0000037996-26-000015-us-gaap:Assets-USD--2025-12-31,source_dimensions,INCONNU,,"edgar_normalize.py reconcile-ixbrl (règles edgar_v7 sha256:10b5c23c53bba18f, automatique)",2026-09-29T11:13:43+00:00,fichier:copies/0000037996-0000037996-26-000015/f-20251231.htm#sha256=5fc89b91c4f8bba48d771acfea68da9bee5f0d528167c2c243e62a3ab9296b3b,établi par le document : contexte sans segment
26,facts,0000037996-0000037996-26-000015-us-gaap:Assets-USD--2025-12-31,decimals,,-6,"edgar_normalize.py reconcile-ixbrl (règles edgar_v7 sha256:10b5c23c53bba18f, automatique)",2026-09-29T11:13:43+00:00,fichier:copies/0000037996-0000037996-26-000015/f-20251231.htm#sha256=5fc89b91c4f8bba48d771acfea68da9bee5f0d528167c2c243e62a3ab9296b3b,attribut decimals du document
27,facts,0000037996-0000037996-26-000015-us-gaap:Assets-USD--2025-12-31,normalized_concept,,total_assets,"edgar_normalize.py reconcile-ixbrl (règles edgar_v7 sha256:10b5c23c53bba18f, automatique)",2026-09-29T11:13:43+00:00,fichier:copies/0000037996-0000037996-26-000015/f-20251231.htm#sha256=5fc89b91c4f8bba48d771acfea68da9bee5f0d528167c2c243e62a3ab9296b3b,R2
28,facts,0000037996-0000037996-26-000015-us-gaap:Assets-USD--2025-12-31,transformation,,aucune,"edgar_normalize.py reconcile-ixbrl (règles edgar_v7 sha256:10b5c23c53bba18f, automatique)",2026-09-29T11:13:43+00:00,fichier:copies/0000037996-0000037996-26-000015/f-20251231.htm#sha256=5fc89b91c4f8bba48d771acfea68da9bee5f0d528167c2c243e62a3ab9296b3b,valeur reprise telle quelle
29,facts,0000037996-0000037996-26-000015-us-gaap:Assets-USD--2025-12-31,value,,289160000000,"edgar_normalize.py reconcile-ixbrl (règles edgar_v7 sha256:10b5c23c53bba18f, automatique)",2026-09-29T11:13:43+00:00,fichier:copies/0000037996-0000037996-26-000015/f-20251231.htm#sha256=5fc89b91c4f8bba48d771acfea68da9bee5f0d528167c2c243e62a3ab9296b3b,valeur reprise telle quelle
30,facts,0000037996-0000037996-26-000015-us-gaap:Assets-USD--2025-12-31,normalization_justification,,"Règle R2 (règles edgar_v7 sha256:10b5c23c53bba18f) : us-gaap:Assets [USD, instant] -> total_assets ; valeur reprise telle quelle ; contexte c-19 sans segment dans le document ; entrée brute facts/us-gaap/Assets/units/USD/197 (sha256 149d14c3d8570136…).","edgar_normalize.py reconcile-ixbrl (règles edgar_v7 sha256:10b5c23c53bba18f, automatique)",2026-09-29T11:13:43+00:00,fichier:copies/0000037996-0000037996-26-000015/f-20251231.htm#sha256=5fc89b91c4f8bba48d771acfea68da9bee5f0d528167c2c243e62a3ab9296b3b,R2
31,facts,0000037996-0000037996-26-000015-us-gaap:Assets-USD--2025-12-31,reconciled,,auto,"edgar_normalize.py reconcile-ixbrl (règles edgar_v7 sha256:10b5c23c53bba18f, automatique)",2026-09-29T11:13:43+00:00,fichier:copies/0000037996-0000037996-26-000015/f-20251231.htm#sha256=5fc89b91c4f8bba48d771acfea68da9bee5f0d528167c2c243e62a3ab9296b3b,rapprochement automatique XBRL en ligne
32,facts,0000037996-0000037996-26-000015-us-gaap:Assets-USD--2025-12-31,reconciled_note,,"AUTOMATIQUE : copies/0000037996-0000037996-26-000015/f-20251231.htm (sha256 5fc89b91c4f8bba4…), 2 élément(s) ix:nonFraction us-gaap:Assets contexte c-19 sans segment, id f-189, affiché « 289,160 », échelle 6 = 289160000000 ; à relire par une personne.","edgar_normalize.py reconcile-ixbrl (règles edgar_v7 sha256:10b5c23c53bba18f, automatique)",2026-09-29T11:13:43+00:00,fichier:copies/0000037996-0000037996-26-000015/f-20251231.htm#sha256=5fc89b91c4f8bba48d771acfea68da9bee5f0d528167c2c243e62a3ab9296b3b,
33,concept_map,us-gaap:RevenueFromContractWithCustomerExcludingAssessedTax,source_concept,,us-gaap:RevenueFromContractWithCustomerExcludingAssessedTax,"edgar_normalize.py reconcile-ixbrl (règles edgar_v7 sha256:10b5c23c53bba18f, automatique)",2026-09-29T11:13:43+00:00,url:https://data.sec.gov/api/xbrl/companyfacts/CIK0000037996.json,"règle R1 (edgar_v7) ; libellé taxonomie : Revenue from Contract with Customer, Excluding Assessed Tax"
34,concept_map,us-gaap:RevenueFromContractWithCustomerExcludingAssessedTax,normalized_concept,,revenue_from_contracts_with_customers,"edgar_normalize.py reconcile-ixbrl (règles edgar_v7 sha256:10b5c23c53bba18f, automatique)",2026-09-29T11:13:43+00:00,url:https://data.sec.gov/api/xbrl/companyfacts/CIK0000037996.json,"règle R1 (edgar_v7) ; libellé taxonomie : Revenue from Contract with Customer, Excluding Assessed Tax"
35,concept_map,us-gaap:RevenueFromContractWithCustomerExcludingAssessedTax,justification,,"Revenus tirés des contrats avec les clients (ASC 606), hors taxes collectées : un COMPOSANT du revenu total, pas le total en général. Définition (us-gaap) : « Amount, excluding tax collected from customer, of revenue from satisfaction of performance obligation by transferring promised good or service to customer. Tax collected from customer is tax assessed by governmental authority that is both imposed on and concurrent with specific revenue-producing transaction, including, but not limited to, sales, use, value added and excise. »","edgar_normalize.py reconcile-ixbrl (règles edgar_v7 sha256:10b5c23c53bba18f, automatique)",2026-09-29T11:13:43+00:00,url:https://data.sec.gov/api/xbrl/companyfacts/CIK0000037996.json,"règle R1 (edgar_v7) ; libellé taxonomie : Revenue from Contract with Customer, Excluding Assessed Tax"
36,facts,0000037996-0000037996-26-000015-us-gaap:RevenueFromContractWithCustomerExcludingAssessedTax-USD-2023-01-01-2023-12-31,source_context,,c-16,"edgar_normalize.py reconcile-ixbrl (règles edgar_v7 sha256:10b5c23c53bba18f, automatique)",2026-09-29T11:13:43+00:00,fichier:copies/0000037996-0000037996-26-000015/f-20251231.htm#sha256=5fc89b91c4f8bba48d771acfea68da9bee5f0d528167c2c243e62a3ab9296b3b,identifiant du contexte XBRL du document
37,facts,0000037996-0000037996-26-000015-us-gaap:RevenueFromContractWithCustomerExcludingAssessedTax-USD-2023-01-01-2023-12-31,source_dimensions,INCONNU,,"edgar_normalize.py reconcile-ixbrl (règles edgar_v7 sha256:10b5c23c53bba18f, automatique)",2026-09-29T11:13:43+00:00,fichier:copies/0000037996-0000037996-26-000015/f-20251231.htm#sha256=5fc89b91c4f8bba48d771acfea68da9bee5f0d528167c2c243e62a3ab9296b3b,établi par le document : contexte sans segment
38,facts,0000037996-0000037996-26-000015-us-gaap:RevenueFromContractWithCustomerExcludingAssessedTax-USD-2023-01-01-2023-12-31,decimals,,-6,"edgar_normalize.py reconcile-ixbrl (règles edgar_v7 sha256:10b5c23c53bba18f, automatique)",2026-09-29T11:13:43+00:00,fichier:copies/0000037996-0000037996-26-000015/f-20251231.htm#sha256=5fc89b91c4f8bba48d771acfea68da9bee5f0d528167c2c243e62a3ab9296b3b,attribut decimals du document
39,facts,0000037996-0000037996-26-000015-us-gaap:RevenueFromContractWithCustomerExcludingAssessedTax-USD-2023-01-01-2023-12-31,normalized_concept,,revenue_from_contracts_with_customers,"edgar_normalize.py reconcile-ixbrl (règles edgar_v7 sha256:10b5c23c53bba18f, automatique)",2026-09-29T11:13:43+00:00,fichier:copies/0000037996-0000037996-26-000015/f-20251231.htm#sha256=5fc89b91c4f8bba48d771acfea68da9bee5f0d528167c2c243e62a3ab9296b3b,R1
40,facts,0000037996-0000037996-26-000015-us-gaap:RevenueFromContractWithCustomerExcludingAssessedTax-USD-2023-01-01-2023-12-31,transformation,,aucune,"edgar_normalize.py reconcile-ixbrl (règles edgar_v7 sha256:10b5c23c53bba18f, automatique)",2026-09-29T11:13:43+00:00,fichier:copies/0000037996-0000037996-26-000015/f-20251231.htm#sha256=5fc89b91c4f8bba48d771acfea68da9bee5f0d528167c2c243e62a3ab9296b3b,valeur reprise telle quelle
41,facts,0000037996-0000037996-26-000015-us-gaap:RevenueFromContractWithCustomerExcludingAssessedTax-USD-2023-01-01-2023-12-31,value,,176191000000,"edgar_normalize.py reconcile-ixbrl (règles edgar_v7 sha256:10b5c23c53bba18f, automatique)",2026-09-29T11:13:43+00:00,fichier:copies/0000037996-0000037996-26-000015/f-20251231.htm#sha256=5fc89b91c4f8bba48d771acfea68da9bee5f0d528167c2c243e62a3ab9296b3b,valeur reprise telle quelle
42,facts,0000037996-0000037996-26-000015-us-gaap:RevenueFromContractWithCustomerExcludingAssessedTax-USD-2023-01-01-2023-12-31,normalization_justification,,"Repli vers total_revenue non retenu : aucune preuve positive dans les calculs du dépôt (f-20251231.xsd (sha256 ea0d8b94c7e1345b…), f-20251231_cal.xml (sha256 19e0a604942bf5c1…) ; schémas non disponibles : ['https://xbrl.fasb.org/us-gaap/2025/elts/us-gaap-2025.xsd']) : us-gaap:RevenueFromContractWithCustomerExcludingAssessedTax n'est l'enfant +1 d'aucun parent ['us-gaap:GrossProfit', 'us-gaap:OperatingIncomeLoss'] dans un rôle Statement. Règle R1 (règles edgar_v7 sha256:10b5c23c53bba18f) : us-gaap:RevenueFromContractWithCustomerExcludingAssessedTax [USD, duration] -> revenue_from_contracts_with_customers ; valeur reprise telle quelle ; contexte c-16 sans segment dans le document ; entrée brute facts/us-gaap/RevenueFromContractWithCustomerExcludingAssessedTax/units/USD/86 (sha256 7319fdb7aa187d17…).","edgar_normalize.py reconcile-ixbrl (règles edgar_v7 sha256:10b5c23c53bba18f, automatique)",2026-09-29T11:13:43+00:00,fichier:copies/0000037996-0000037996-26-000015/f-20251231.htm#sha256=5fc89b91c4f8bba48d771acfea68da9bee5f0d528167c2c243e62a3ab9296b3b,R1
43,facts,0000037996-0000037996-26-000015-us-gaap:RevenueFromContractWithCustomerExcludingAssessedTax-USD-2023-01-01-2023-12-31,reconciled,,auto,"edgar_normalize.py reconcile-ixbrl (règles edgar_v7 sha256:10b5c23c53bba18f, automatique)",2026-09-29T11:13:43+00:00,fichier:copies/0000037996-0000037996-26-000015/f-20251231.htm#sha256=5fc89b91c4f8bba48d771acfea68da9bee5f0d528167c2c243e62a3ab9296b3b,rapprochement automatique XBRL en ligne
44,facts,0000037996-0000037996-26-000015-us-gaap:RevenueFromContractWithCustomerExcludingAssessedTax-USD-2023-01-01-2023-12-31,reconciled_note,,"AUTOMATIQUE : copies/0000037996-0000037996-26-000015/f-20251231.htm (sha256 5fc89b91c4f8bba4…), 5 élément(s) ix:nonFraction us-gaap:RevenueFromContractWithCustomerExcludingAssessedTax contexte c-16 sans segment, id f-75, affiché « 176,191 », échelle 6 = 176191000000 ; à relire par une personne.","edgar_normalize.py reconcile-ixbrl (règles edgar_v7 sha256:10b5c23c53bba18f, automatique)",2026-09-29T11:13:43+00:00,fichier:copies/0000037996-0000037996-26-000015/f-20251231.htm#sha256=5fc89b91c4f8bba48d771acfea68da9bee5f0d528167c2c243e62a3ab9296b3b,
45,facts,0000037996-0000037996-26-000015-us-gaap:RevenueFromContractWithCustomerExcludingAssessedTax-USD-2024-01-01-2024-12-31,source_context,,c-17,"edgar_normalize.py reconcile-ixbrl (règles edgar_v7 sha256:10b5c23c53bba18f, automatique)",2026-09-29T11:13:43+00:00,fichier:copies/0000037996-0000037996-26-000015/f-20251231.htm#sha256=5fc89b91c4f8bba48d771acfea68da9bee5f0d528167c2c243e62a3ab9296b3b,identifiant du contexte XBRL du document
46,facts,0000037996-0000037996-26-000015-us-gaap:RevenueFromContractWithCustomerExcludingAssessedTax-USD-2024-01-01-2024-12-31,source_dimensions,INCONNU,,"edgar_normalize.py reconcile-ixbrl (règles edgar_v7 sha256:10b5c23c53bba18f, automatique)",2026-09-29T11:13:43+00:00,fichier:copies/0000037996-0000037996-26-000015/f-20251231.htm#sha256=5fc89b91c4f8bba48d771acfea68da9bee5f0d528167c2c243e62a3ab9296b3b,établi par le document : contexte sans segment
47,facts,0000037996-0000037996-26-000015-us-gaap:RevenueFromContractWithCustomerExcludingAssessedTax-USD-2024-01-01-2024-12-31,decimals,,-6,"edgar_normalize.py reconcile-ixbrl (règles edgar_v7 sha256:10b5c23c53bba18f, automatique)",2026-09-29T11:13:43+00:00,fichier:copies/0000037996-0000037996-26-000015/f-20251231.htm#sha256=5fc89b91c4f8bba48d771acfea68da9bee5f0d528167c2c243e62a3ab9296b3b,attribut decimals du document
48,facts,0000037996-0000037996-26-000015-us-gaap:RevenueFromContractWithCustomerExcludingAssessedTax-USD-2024-01-01-2024-12-31,normalized_concept,,revenue_from_contracts_with_customers,"edgar_normalize.py reconcile-ixbrl (règles edgar_v7 sha256:10b5c23c53bba18f, automatique)",2026-09-29T11:13:43+00:00,fichier:copies/0000037996-0000037996-26-000015/f-20251231.htm#sha256=5fc89b91c4f8bba48d771acfea68da9bee5f0d528167c2c243e62a3ab9296b3b,R1
49,facts,0000037996-0000037996-26-000015-us-gaap:RevenueFromContractWithCustomerExcludingAssessedTax-USD-2024-01-01-2024-12-31,transformation,,aucune,"edgar_normalize.py reconcile-ixbrl (règles edgar_v7 sha256:10b5c23c53bba18f, automatique)",2026-09-29T11:13:43+00:00,fichier:copies/0000037996-0000037996-26-000015/f-20251231.htm#sha256=5fc89b91c4f8bba48d771acfea68da9bee5f0d528167c2c243e62a3ab9296b3b,valeur reprise telle quelle
50,facts,0000037996-0000037996-26-000015-us-gaap:RevenueFromContractWithCustomerExcludingAssessedTax-USD-2024-01-01-2024-12-31,value,,184992000000,"edgar_normalize.py reconcile-ixbrl (règles edgar_v7 sha256:10b5c23c53bba18f, automatique)",2026-09-29T11:13:43+00:00,fichier:copies/0000037996-0000037996-26-000015/f-20251231.htm#sha256=5fc89b91c4f8bba48d771acfea68da9bee5f0d528167c2c243e62a3ab9296b3b,valeur reprise telle quelle
51,facts,0000037996-0000037996-26-000015-us-gaap:RevenueFromContractWithCustomerExcludingAssessedTax-USD-2024-01-01-2024-12-31,normalization_justification,,"Repli vers total_revenue non retenu : aucune preuve positive dans les calculs du dépôt (f-20251231.xsd (sha256 ea0d8b94c7e1345b…), f-20251231_cal.xml (sha256 19e0a604942bf5c1…) ; schémas non disponibles : ['https://xbrl.fasb.org/us-gaap/2025/elts/us-gaap-2025.xsd']) : us-gaap:RevenueFromContractWithCustomerExcludingAssessedTax n'est l'enfant +1 d'aucun parent ['us-gaap:GrossProfit', 'us-gaap:OperatingIncomeLoss'] dans un rôle Statement. Règle R1 (règles edgar_v7 sha256:10b5c23c53bba18f) : us-gaap:RevenueFromContractWithCustomerExcludingAssessedTax [USD, duration] -> revenue_from_contracts_with_customers ; valeur reprise telle quelle ; contexte c-17 sans segment dans le document ; entrée brute facts/us-gaap/RevenueFromContractWithCustomerExcludingAssessedTax/units/USD/98 (sha256 9cbf942bea4e0d0d…).","edgar_normalize.py reconcile-ixbrl (règles edgar_v7 sha256:10b5c23c53bba18f, automatique)",2026-09-29T11:13:43+00:00,fichier:copies/0000037996-0000037996-26-000015/f-20251231.htm#sha256=5fc89b91c4f8bba48d771acfea68da9bee5f0d528167c2c243e62a3ab9296b3b,R1
52,facts,0000037996-0000037996-26-000015-us-gaap:RevenueFromContractWithCustomerExcludingAssessedTax-USD-2024-01-01-2024-12-31,reconciled,,auto,"edgar_normalize.py reconcile-ixbrl (règles edgar_v7 sha256:10b5c23c53bba18f, automatique)",2026-09-29T11:13:43+00:00,fichier:copies/0000037996-0000037996-26-000015/f-20251231.htm#sha256=5fc89b91c4f8bba48d771acfea68da9bee5f0d528167c2c243e62a3ab9296b3b,rapprochement automatique XBRL en ligne
53,facts,0000037996-0000037996-26-000015-us-gaap:RevenueFromContractWithCustomerExcludingAssessedTax-USD-2024-01-01-2024-12-31,reconciled_note,,"AUTOMATIQUE : copies/0000037996-0000037996-26-000015/f-20251231.htm (sha256 5fc89b91c4f8bba4…), 5 élément(s) ix:nonFraction us-gaap:RevenueFromContractWithCustomerExcludingAssessedTax contexte c-17 sans segment, id f-76, affiché « 184,992 », échelle 6 = 184992000000 ; à relire par une personne.","edgar_normalize.py reconcile-ixbrl (règles edgar_v7 sha256:10b5c23c53bba18f, automatique)",2026-09-29T11:13:43+00:00,fichier:copies/0000037996-0000037996-26-000015/f-20251231.htm#sha256=5fc89b91c4f8bba48d771acfea68da9bee5f0d528167c2c243e62a3ab9296b3b,
54,facts,0000037996-0000037996-26-000015-us-gaap:RevenueFromContractWithCustomerExcludingAssessedTax-USD-2025-01-01-2025-12-31,source_context,,c-1,"edgar_normalize.py reconcile-ixbrl (règles edgar_v7 sha256:10b5c23c53bba18f, automatique)",2026-09-29T11:13:43+00:00,fichier:copies/0000037996-0000037996-26-000015/f-20251231.htm#sha256=5fc89b91c4f8bba48d771acfea68da9bee5f0d528167c2c243e62a3ab9296b3b,identifiant du contexte XBRL du document
55,facts,0000037996-0000037996-26-000015-us-gaap:RevenueFromContractWithCustomerExcludingAssessedTax-USD-2025-01-01-2025-12-31,source_dimensions,INCONNU,,"edgar_normalize.py reconcile-ixbrl (règles edgar_v7 sha256:10b5c23c53bba18f, automatique)",2026-09-29T11:13:43+00:00,fichier:copies/0000037996-0000037996-26-000015/f-20251231.htm#sha256=5fc89b91c4f8bba48d771acfea68da9bee5f0d528167c2c243e62a3ab9296b3b,établi par le document : contexte sans segment
56,facts,0000037996-0000037996-26-000015-us-gaap:RevenueFromContractWithCustomerExcludingAssessedTax-USD-2025-01-01-2025-12-31,decimals,,-6,"edgar_normalize.py reconcile-ixbrl (règles edgar_v7 sha256:10b5c23c53bba18f, automatique)",2026-09-29T11:13:43+00:00,fichier:copies/0000037996-0000037996-26-000015/f-20251231.htm#sha256=5fc89b91c4f8bba48d771acfea68da9bee5f0d528167c2c243e62a3ab9296b3b,attribut decimals du document
57,facts,0000037996-0000037996-26-000015-us-gaap:RevenueFromContractWithCustomerExcludingAssessedTax-USD-2025-01-01-2025-12-31,normalized_concept,,revenue_from_contracts_with_customers,"edgar_normalize.py reconcile-ixbrl (règles edgar_v7 sha256:10b5c23c53bba18f, automatique)",2026-09-29T11:13:43+00:00,fichier:copies/0000037996-0000037996-26-000015/f-20251231.htm#sha256=5fc89b91c4f8bba48d771acfea68da9bee5f0d528167c2c243e62a3ab9296b3b,R1
58,facts,0000037996-0000037996-26-000015-us-gaap:RevenueFromContractWithCustomerExcludingAssessedTax-USD-2025-01-01-2025-12-31,transformation,,aucune,"edgar_normalize.py reconcile-ixbrl (règles edgar_v7 sha256:10b5c23c53bba18f, automatique)",2026-09-29T11:13:43+00:00,fichier:copies/0000037996-0000037996-26-000015/f-20251231.htm#sha256=5fc89b91c4f8bba48d771acfea68da9bee5f0d528167c2c243e62a3ab9296b3b,valeur reprise telle quelle
59,facts,0000037996-0000037996-26-000015-us-gaap:RevenueFromContractWithCustomerExcludingAssessedTax-USD-2025-01-01-2025-12-31,value,,187267000000,"edgar_normalize.py reconcile-ixbrl (règles edgar_v7 sha256:10b5c23c53bba18f, automatique)",2026-09-29T11:13:43+00:00,fichier:copies/0000037996-0000037996-26-000015/f-20251231.htm#sha256=5fc89b91c4f8bba48d771acfea68da9bee5f0d528167c2c243e62a3ab9296b3b,valeur reprise telle quelle
60,facts,0000037996-0000037996-26-000015-us-gaap:RevenueFromContractWithCustomerExcludingAssessedTax-USD-2025-01-01-2025-12-31,normalization_justification,,"Repli vers total_revenue non retenu : aucune preuve positive dans les calculs du dépôt (f-20251231.xsd (sha256 ea0d8b94c7e1345b…), f-20251231_cal.xml (sha256 19e0a604942bf5c1…) ; schémas non disponibles : ['https://xbrl.fasb.org/us-gaap/2025/elts/us-gaap-2025.xsd']) : us-gaap:RevenueFromContractWithCustomerExcludingAssessedTax n'est l'enfant +1 d'aucun parent ['us-gaap:GrossProfit', 'us-gaap:OperatingIncomeLoss'] dans un rôle Statement. Règle R1 (règles edgar_v7 sha256:10b5c23c53bba18f) : us-gaap:RevenueFromContractWithCustomerExcludingAssessedTax [USD, duration] -> revenue_from_contracts_with_customers ; valeur reprise telle quelle ; contexte c-1 sans segment dans le document ; entrée brute facts/us-gaap/RevenueFromContractWithCustomerExcludingAssessedTax/units/USD/105 (sha256 5463de34ec45beeb…).","edgar_normalize.py reconcile-ixbrl (règles edgar_v7 sha256:10b5c23c53bba18f, automatique)",2026-09-29T11:13:43+00:00,fichier:copies/0000037996-0000037996-26-000015/f-20251231.htm#sha256=5fc89b91c4f8bba48d771acfea68da9bee5f0d528167c2c243e62a3ab9296b3b,R1
61,facts,0000037996-0000037996-26-000015-us-gaap:RevenueFromContractWithCustomerExcludingAssessedTax-USD-2025-01-01-2025-12-31,reconciled,,auto,"edgar_normalize.py reconcile-ixbrl (règles edgar_v7 sha256:10b5c23c53bba18f, automatique)",2026-09-29T11:13:43+00:00,fichier:copies/0000037996-0000037996-26-000015/f-20251231.htm#sha256=5fc89b91c4f8bba48d771acfea68da9bee5f0d528167c2c243e62a3ab9296b3b,rapprochement automatique XBRL en ligne
62,facts,0000037996-0000037996-26-000015-us-gaap:RevenueFromContractWithCustomerExcludingAssessedTax-USD-2025-01-01-2025-12-31,reconciled_note,,"AUTOMATIQUE : copies/0000037996-0000037996-26-000015/f-20251231.htm (sha256 5fc89b91c4f8bba4…), 5 élément(s) ix:nonFraction us-gaap:RevenueFromContractWithCustomerExcludingAssessedTax contexte c-1 sans segment, id f-77, affiché « 187,267 », échelle 6 = 187267000000 ; à relire par une personne.","edgar_normalize.py reconcile-ixbrl (règles edgar_v7 sha256:10b5c23c53bba18f, automatique)",2026-09-29T11:13:43+00:00,fichier:copies/0000037996-0000037996-26-000015/f-20251231.htm#sha256=5fc89b91c4f8bba48d771acfea68da9bee5f0d528167c2c243e62a3ab9296b3b,
63,facts,0000037996-0000037996-20-000010-us-gaap:Assets-USD--2017-12-31,normalization_justification,,NON NORMALISÉ : en attente du rapprochement avec son document (dimensions non établies) (edgar_v7),"edgar_normalize.py reconcile-ixbrl (règles edgar_v7 sha256:10b5c23c53bba18f, automatique)",2026-09-29T11:13:43+00:00,doc:0000037996-0000037996-20-000010,exclusion explicite
64,facts,0000037996-0000037996-19-000067-us-gaap:Assets-USD--2018-06-30,normalization_justification,,NON NORMALISÉ : en attente du rapprochement avec son document (dimensions non établies) (edgar_v7),"edgar_normalize.py reconcile-ixbrl (règles edgar_v7 sha256:10b5c23c53bba18f, automatique)",2026-09-29T11:13:43+00:00,doc:0000037996-0000037996-19-000067,exclusion explicite
65,facts,0000037996-0000037996-19-000078-us-gaap:Assets-USD--2018-09-30,normalization_justification,,NON NORMALISÉ : en attente du rapprochement avec son document (dimensions non établies) (edgar_v7),"edgar_normalize.py reconcile-ixbrl (règles edgar_v7 sha256:10b5c23c53bba18f, automatique)",2026-09-29T11:13:43+00:00,doc:0000037996-0000037996-19-000078,exclusion explicite
66,facts,0000037996-0000037996-19-000067-us-gaap:Assets-USD--2018-12-31,normalization_justification,,NON NORMALISÉ : en attente du rapprochement avec son document (dimensions non établies) (edgar_v7),"edgar_normalize.py reconcile-ixbrl (règles edgar_v7 sha256:10b5c23c53bba18f, automatique)",2026-09-29T11:13:43+00:00,doc:0000037996-0000037996-19-000067,exclusion explicite
67,facts,0000037996-0000037996-19-000078-us-gaap:Assets-USD--2018-12-31,normalization_justification,,NON NORMALISÉ : en attente du rapprochement avec son document (dimensions non établies) (edgar_v7),"edgar_normalize.py reconcile-ixbrl (règles edgar_v7 sha256:10b5c23c53bba18f, automatique)",2026-09-29T11:13:43+00:00,doc:0000037996-0000037996-19-000078,exclusion explicite
68,facts,0000037996-0000037996-20-000010-us-gaap:Assets-USD--2018-12-31,normalization_justification,,NON NORMALISÉ : en attente du rapprochement avec son document (dimensions non établies) (edgar_v7),"edgar_normalize.py reconcile-ixbrl (règles edgar_v7 sha256:10b5c23c53bba18f, automatique)",2026-09-29T11:13:43+00:00,doc:0000037996-0000037996-20-000010,exclusion explicite
69,facts,0000037996-0000037996-21-000012-us-gaap:Assets-USD--2018-12-31,normalization_justification,,NON NORMALISÉ : en attente du rapprochement avec son document (dimensions non établies) (edgar_v7),"edgar_normalize.py reconcile-ixbrl (règles edgar_v7 sha256:10b5c23c53bba18f, automatique)",2026-09-29T11:13:43+00:00,doc:0000037996-0000037996-21-000012,exclusion explicite
70,facts,0000037996-0000037996-20-000041-us-gaap:Assets-USD--2019-03-31,normalization_justification,,NON NORMALISÉ : en attente du rapprochement avec son document (dimensions non établies) (edgar_v7),"edgar_normalize.py reconcile-ixbrl (règles edgar_v7 sha256:10b5c23c53bba18f, automatique)",2026-09-29T11:13:43+00:00,doc:0000037996-0000037996-20-000041,exclusion explicite
71,facts,0000037996-0000037996-19-000067-us-gaap:Assets-USD--2019-06-30,normalization_justification,,NON NORMALISÉ : en attente du rapprochement avec son document (dimensions non établies) (edgar_v7),"edgar_normalize.py reconcile-ixbrl (règles edgar_v7 sha256:10b5c23c53bba18f, automatique)",2026-09-29T11:13:43+00:00,doc:0000037996-0000037996-19-000067,exclusion explicite
72,facts,0000037996-0000037996-20-000057-us-gaap:Assets-USD--2019-06-30,normalization_justification,,NON NORMALISÉ : en attente du rapprochement avec son document (dimensions non établies) (edgar_v7),"edgar_normalize.py reconcile-ixbrl (règles edgar_v7 sha256:10b5c23c53bba18f, automatique)",2026-09-29T11:13:43+00:00,doc:0000037996-0000037996-20-000057,exclusion explicite
73,facts,0000037996-0000037996-19-000078-us-gaap:Assets-USD--2019-09-30,normalization_justification,,NON NORMALISÉ : en attente du rapprochement avec son document (dimensions non établies) (edgar_v7),"edgar_normalize.py reconcile-ixbrl (règles edgar_v7 sha256:10b5c23c53bba18f, automatique)",2026-09-29T11:13:43+00:00,doc:0000037996-0000037996-19-000078,exclusion explicite
74,facts,0000037996-0000037996-20-000071-us-gaap:Assets-USD--2019-09-30,normalization_justification,,NON NORMALISÉ : en attente du rapprochement avec son document (dimensions non établies) (edgar_v7),"edgar_normalize.py reconcile-ixbrl (règles edgar_v7 sha256:10b5c23c53bba18f, automatique)",2026-09-29T11:13:43+00:00,doc:0000037996-0000037996-20-000071,exclusion explicite
75,facts,0000037996-0000037996-20-000010-us-gaap:Assets-USD--2019-12-31,normalization_justification,,NON NORMALISÉ : en attente du rapprochement avec son document (dimensions non établies) (edgar_v7),"edgar_normalize.py reconcile-ixbrl (règles edgar_v7 sha256:10b5c23c53bba18f, automatique)",2026-09-29T11:13:43+00:00,doc:0000037996-0000037996-20-000010,exclusion explicite
76,facts,0000037996-0000037996-20-000041-us-gaap:Assets-USD--2019-12-31,normalization_justification,,NON NORMALISÉ : en attente du rapprochement avec son document (dimensions non établies) (edgar_v7),"edgar_normalize.py reconcile-ixbrl (règles edgar_v7 sha256:10b5c23c53bba18f, automatique)",2026-09-29T11:13:43+00:00,doc:0000037996-0000037996-20-000041,exclusion explicite
77,facts,0000037996-0000037996-20-000057-us-gaap:Assets-USD--2019-12-31,normalization_justification,,NON NORMALISÉ : en attente du rapprochement avec son document (dimensions non établies) (edgar_v7),"edgar_normalize.py reconcile-ixbrl (règles edgar_v7 sha256:10b5c23c53bba18f, automatique)",2026-09-29T11:13:43+00:00,doc:0000037996-0000037996-20-000057,exclusion explicite
78,facts,0000037996-0000037996-20-000071-us-gaap:Assets-USD--2019-12-31,normalization_justification,,NON NORMALISÉ : en attente du rapprochement avec son document (dimensions non établies) (edgar_v7),"edgar_normalize.py reconcile-ixbrl (règles edgar_v7 sha256:10b5c23c53bba18f, automatique)",2026-09-29T11:13:43+00:00,doc:0000037996-0000037996-20-000071,exclusion explicite
79,facts,0000037996-0000037996-21-000012-us-gaap:Assets-USD--2019-12-31,normalization_justification,,NON NORMALISÉ : en attente du rapprochement avec son document (dimensions non établies) (edgar_v7),"edgar_normalize.py reconcile-ixbrl (règles edgar_v7 sha256:10b5c23c53bba18f, automatique)",2026-09-29T11:13:43+00:00,doc:0000037996-0000037996-21-000012,exclusion explicite
80,facts,0000037996-0000037996-22-000013-us-gaap:Assets-USD--2019-12-31,normalization_justification,,NON NORMALISÉ : en attente du rapprochement avec son document (dimensions non établies) (edgar_v7),"edgar_normalize.py reconcile-ixbrl (règles edgar_v7 sha256:10b5c23c53bba18f, automatique)",2026-09-29T11:13:43+00:00,doc:0000037996-0000037996-22-000013,exclusion explicite
81,facts,0000037996-0000037996-20-000041-us-gaap:Assets-USD--2020-03-31,normalization_justification,,NON NORMALISÉ : en attente du rapprochement avec son document (dimensions non établies) (edgar_v7),"edgar_normalize.py reconcile-ixbrl (règles edgar_v7 sha256:10b5c23c53bba18f, automatique)",2026-09-29T11:13:43+00:00,doc:0000037996-0000037996-20-000041,exclusion explicite
82,facts,0000037996-0000037996-21-000026-us-gaap:Assets-USD--2020-03-31,normalization_justification,,NON NORMALISÉ : en attente du rapprochement avec son document (dimensions non établies) (edgar_v7),"edgar_normalize.py reconcile-ixbrl (règles edgar_v7 sha256:10b5c23c53bba18f, automatique)",2026-09-29T11:13:43+00:00,doc:0000037996-0000037996-21-000026,exclusion explicite
83,facts,0000037996-0000037996-20-000057-us-gaap:Assets-USD--2020-06-30,normalization_justification,,NON NORMALISÉ : en attente du rapprochement avec son document (dimensions non établies) (edgar_v7),"edgar_normalize.py reconcile-ixbrl (règles edgar_v7 sha256:10b5c23c53bba18f, automatique)",2026-09-29T11:13:43+00:00,doc:0000037996-0000037996-20-000057,exclusion explicite
84,facts,0000037996-0000037996-21-000058-us-gaap:Assets-USD--2020-06-30,normalization_justification,,NON NORMALISÉ : en attente du rapprochement avec son document (dimensions non établies) (edgar_v7),"edgar_normalize.py reconcile-ixbrl (règles edgar_v7 sha256:10b5c23c53bba18f, automatique)",2026-09-29T11:13:43+00:00,doc:0000037996-0000037996-21-000058,exclusion explicite
85,facts,0000037996-0000037996-20-000071-us-gaap:Assets-USD--2020-09-30,normalization_justification,,NON NORMALISÉ : en attente du rapprochement avec son document (dimensions non établies) (edgar_v7),"edgar_normalize.py reconcile-ixbrl (règles edgar_v7 sha256:10b5c23c53bba18f, automatique)",2026-09-29T11:13:43+00:00,doc:0000037996-0000037996-20-000071,exclusion explicite
86,facts,0000037996-0000037996-21-000086-us-gaap:Assets-USD--2020-09-30,normalization_justification,,NON NORMALISÉ : en attente du rapprochement avec son document (dimensions non établies) (edgar_v7),"edgar_normalize.py reconcile-ixbrl (règles edgar_v7 sha256:10b5c23c53bba18f, automatique)",2026-09-29T11:13:43+00:00,doc:0000037996-0000037996-21-000086,exclusion explicite
87,facts,0000037996-0000037996-21-000012-us-gaap:Assets-USD--2020-12-31,normalization_justification,,NON NORMALISÉ : en attente du rapprochement avec son document (dimensions non établies) (edgar_v7),"edgar_normalize.py reconcile-ixbrl (règles edgar_v7 sha256:10b5c23c53bba18f, automatique)",2026-09-29T11:13:43+00:00,doc:0000037996-0000037996-21-000012,exclusion explicite
88,facts,0000037996-0000037996-21-000026-us-gaap:Assets-USD--2020-12-31,normalization_justification,,NON NORMALISÉ : en attente du rapprochement avec son document (dimensions non établies) (edgar_v7),"edgar_normalize.py reconcile-ixbrl (règles edgar_v7 sha256:10b5c23c53bba18f, automatique)",2026-09-29T11:13:43+00:00,doc:0000037996-0000037996-21-000026,exclusion explicite
89,facts,0000037996-0000037996-21-000058-us-gaap:Assets-USD--2020-12-31,normalization_justification,,NON NORMALISÉ : en attente du rapprochement avec son document (dimensions non établies) (edgar_v7),"edgar_normalize.py reconcile-ixbrl (règles edgar_v7 sha256:10b5c23c53bba18f, automatique)",2026-09-29T11:13:43+00:00,doc:0000037996-0000037996-21-000058,exclusion explicite
90,facts,0000037996-0000037996-21-000086-us-gaap:Assets-USD--2020-12-31,normalization_justification,,NON NORMALISÉ : en attente du rapprochement avec son document (dimensions non établies) (edgar_v7),"edgar_normalize.py reconcile-ixbrl (règles edgar_v7 sha256:10b5c23c53bba18f, automatique)",2026-09-29T11:13:43+00:00,doc:0000037996-0000037996-21-000086,exclusion explicite
91,facts,0000037996-0000037996-22-000013-us-gaap:Assets-USD--2020-12-31,normalization_justification,,NON NORMALISÉ : en attente du rapprochement avec son document (dimensions non établies) (edgar_v7),"edgar_normalize.py reconcile-ixbrl (règles edgar_v7 sha256:10b5c23c53bba18f, automatique)",2026-09-29T11:13:43+00:00,doc:0000037996-0000037996-22-000013,exclusion explicite
92,facts,0000037996-0000037996-23-000012-us-gaap:Assets-USD--2020-12-31,normalization_justification,,NON NORMALISÉ : en attente du rapprochement avec son document (dimensions non établies) (edgar_v7),"edgar_normalize.py reconcile-ixbrl (règles edgar_v7 sha256:10b5c23c53bba18f, automatique)",2026-09-29T11:13:43+00:00,doc:0000037996-0000037996-23-000012,exclusion explicite
93,facts,0000037996-0000037996-21-000026-us-gaap:Assets-USD--2021-03-31,normalization_justification,,NON NORMALISÉ : en attente du rapprochement avec son document (dimensions non établies) (edgar_v7),"edgar_normalize.py reconcile-ixbrl (règles edgar_v7 sha256:10b5c23c53bba18f, automatique)",2026-09-29T11:13:43+00:00,doc:0000037996-0000037996-21-000026,exclusion explicite
94,facts,0000037996-0000037996-22-000024-us-gaap:Assets-USD--2021-03-31,normalization_justification,,NON NORMALISÉ : en attente du rapprochement avec son document (dimensions non établies) (edgar_v7),"edgar_normalize.py reconcile-ixbrl (règles edgar_v7 sha256:10b5c23c53bba18f, automatique)",2026-09-29T11:13:43+00:00,doc:0000037996-0000037996-22-000024,exclusion explicite
95,facts,0000037996-0000037996-21-000058-us-gaap:Assets-USD--2021-06-30,normalization_justification,,NON NORMALISÉ : en attente du rapprochement avec son document (dimensions non établies) (edgar_v7),"edgar_normalize.py reconcile-ixbrl (règles edgar_v7 sha256:10b5c23c53bba18f, automatique)",2026-09-29T11:13:43+00:00,doc:0000037996-0000037996-21-000058,exclusion explicite
96,facts,0000037996-0000037996-22-000048-us-gaap:Assets-USD--2021-06-30,normalization_justification,,NON NORMALISÉ : en attente du rapprochement avec son document (dimensions non établies) (edgar_v7),"edgar_normalize.py reconcile-ixbrl (règles edgar_v7 sha256:10b5c23c53bba18f, automatique)",2026-09-29T11:13:43+00:00,doc:0000037996-0000037996-22-000048,exclusion explicite
97,facts,0000037996-0000037996-21-000086-us-gaap:Assets-USD--2021-09-30,normalization_justification,,NON NORMALISÉ : en attente du rapprochement avec son document (dimensions non établies) (edgar_v7),"edgar_normalize.py reconcile-ixbrl (règles edgar_v7 sha256:10b5c23c53bba18f, automatique)",2026-09-29T11:13:43+00:00,doc:0000037996-0000037996-21-000086,exclusion explicite
98,facts,0000037996-0000037996-22-000073-us-gaap:Assets-USD--2021-09-30,normalization_justification,,NON NORMALISÉ : en attente du rapprochement avec son document (dimensions non établies) (edgar_v7),"edgar_normalize.py reconcile-ixbrl (règles edgar_v7 sha256:10b5c23c53bba18f, automatique)",2026-09-29T11:13:43+00:00,doc:0000037996-0000037996-22-000073,exclusion explicite
99,facts,0000037996-0000037996-22-000013-us-gaap:Assets-USD--2021-12-31,normalization_justification,,NON NORMALISÉ : en attente du rapprochement avec son document (dimensions non établies) (edgar_v7),"edgar_normalize.py reconcile-ixbrl (règles edgar_v7 sha256:10b5c23c53bba18f, automatique)",2026-09-29T11:13:43+00:00,doc:0000037996-0000037996-22-000013,exclusion explicite
100,facts,0000037996-0000037996-22-000024-us-gaap:Assets-USD--2021-12-31,normalization_justification,,NON NORMALISÉ : en attente du rapprochement avec son document (dimensions non établies) (edgar_v7),"edgar_normalize.py reconcile-ixbrl (règles edgar_v7 sha256:10b5c23c53bba18f, automatique)",2026-09-29T11:13:43+00:00,doc:0000037996-0000037996-22-000024,exclusion explicite
101,facts,0000037996-0000037996-22-000048-us-gaap:Assets-USD--2021-12-31,normalization_justification,,NON NORMALISÉ : en attente du rapprochement avec son document (dimensions non établies) (edgar_v7),"edgar_normalize.py reconcile-ixbrl (règles edgar_v7 sha256:10b5c23c53bba18f, automatique)",2026-09-29T11:13:43+00:00,doc:0000037996-0000037996-22-000048,exclusion explicite
102,facts,0000037996-0000037996-22-000073-us-gaap:Assets-USD--2021-12-31,normalization_justification,,NON NORMALISÉ : en attente du rapprochement avec son document (dimensions non établies) (edgar_v7),"edgar_normalize.py reconcile-ixbrl (règles edgar_v7 sha256:10b5c23c53bba18f, automatique)",2026-09-29T11:13:43+00:00,doc:0000037996-0000037996-22-000073,exclusion explicite
103,facts,0000037996-0000037996-23-000012-us-gaap:Assets-USD--2021-12-31,normalization_justification,,NON NORMALISÉ : en attente du rapprochement avec son document (dimensions non établies) (edgar_v7),"edgar_normalize.py reconcile-ixbrl (règles edgar_v7 sha256:10b5c23c53bba18f, automatique)",2026-09-29T11:13:43+00:00,doc:0000037996-0000037996-23-000012,exclusion explicite
104,facts,0000037996-0000037996-24-000009-us-gaap:Assets-USD--2021-12-31,normalization_justification,,NON NORMALISÉ : en attente du rapprochement avec son document (dimensions non établies) (edgar_v7),"edgar_normalize.py reconcile-ixbrl (règles edgar_v7 sha256:10b5c23c53bba18f, automatique)",2026-09-29T11:13:43+00:00,doc:0000037996-0000037996-24-000009,exclusion explicite
105,facts,0000037996-0000037996-22-000024-us-gaap:Assets-USD--2022-03-31,normalization_justification,,NON NORMALISÉ : en attente du rapprochement avec son document (dimensions non établies) (edgar_v7),"edgar_normalize.py reconcile-ixbrl (règles edgar_v7 sha256:10b5c23c53bba18f, automatique)",2026-09-29T11:13:43+00:00,doc:0000037996-0000037996-22-000024,exclusion explicite
106,facts,0000037996-0000037996-23-000029-us-gaap:Assets-USD--2022-03-31,normalization_justification,,NON NORMALISÉ : en attente du rapprochement avec son document (dimensions non établies) (edgar_v7),"edgar_normalize.py reconcile-ixbrl (règles edgar_v7 sha256:10b5c23c53bba18f, automatique)",2026-09-29T11:13:43+00:00,doc:0000037996-0000037996-23-000029,exclusion explicite
107,facts,0000037996-0000037996-22-000048-us-gaap:Assets-USD--2022-06-30,normalization_justification,,NON NORMALISÉ : en attente du rapprochement avec son document (dimensions non établies) (edgar_v7),"edgar_normalize.py reconcile-ixbrl (règles edgar_v7 sha256:10b5c23c53bba18f, automatique)",2026-09-29T11:13:43+00:00,doc:0000037996-0000037996-22-000048,exclusion explicite
108,facts,0000037996-0000037996-23-000050-us-gaap:Assets-USD--2022-06-30,normalization_justification,,NON NORMALISÉ : en attente du rapprochement avec son document (dimensions non établies) (edgar_v7),"edgar_normalize.py reconcile-ixbrl (règles edgar_v7 sha256:10b5c23c53bba18f, automatique)",2026-09-29T11:13:43+00:00,doc:0000037996-0000037996-23-000050,exclusion explicite
109,facts,0000037996-0000037996-22-000073-us-gaap:Assets-USD--2022-09-30,normalization_justification,,NON NORMALISÉ : en attente du rapprochement avec son document (dimensions non établies) (edgar_v7),"edgar_normalize.py reconcile-ixbrl (règles edgar_v7 sha256:10b5c23c53bba18f, automatique)",2026-09-29T11:13:43+00:00,doc:0000037996-0000037996-22-000073,exclusion explicite
110,facts,0000037996-0000037996-23-000068-us-gaap:Assets-USD--2022-09-30,normalization_justification,,NON NORMALISÉ : en attente du rapprochement avec son document (dimensions non établies) (edgar_v7),"edgar_normalize.py reconcile-ixbrl (règles edgar_v7 sha256:10b5c23c53bba18f, automatique)",2026-09-29T11:13:43+00:00,doc:0000037996-0000037996-23-000068,exclusion explicite
111,facts,0000037996-0000037996-23-000012-us-gaap:Assets-USD--2022-12-31,normalization_justification,,NON NORMALISÉ : en attente du rapprochement avec son document (dimensions non établies) (edgar_v7),"edgar_normalize.py reconcile-ixbrl (règles edgar_v7 sha256:10b5c23c53bba18f, automatique)",2026-09-29T11:13:43+00:00,doc:0000037996-0000037996-23-000012,exclusion explicite
112,facts,0000037996-0000037996-23-000029-us-gaap:Assets-USD--2022-12-31,normalization_justification,,NON NORMALISÉ : en attente du rapprochement avec son document (dimensions non établies) (edgar_v7),"edgar_normalize.py reconcile-ixbrl (règles edgar_v7 sha256:10b5c23c53bba18f, automatique)",2026-09-29T11:13:43+00:00,doc:0000037996-0000037996-23-000029,exclusion explicite
113,facts,0000037996-0000037996-23-000050-us-gaap:Assets-USD--2022-12-31,normalization_justification,,NON NORMALISÉ : en attente du rapprochement avec son document (dimensions non établies) (edgar_v7),"edgar_normalize.py reconcile-ixbrl (règles edgar_v7 sha256:10b5c23c53bba18f, automatique)",2026-09-29T11:13:43+00:00,doc:0000037996-0000037996-23-000050,exclusion explicite
114,facts,0000037996-0000037996-23-000068-us-gaap:Assets-USD--2022-12-31,normalization_justification,,NON NORMALISÉ : en attente du rapprochement avec son document (dimensions non établies) (edgar_v7),"edgar_normalize.py reconcile-ixbrl (règles edgar_v7 sha256:10b5c23c53bba18f, automatique)",2026-09-29T11:13:43+00:00,doc:0000037996-0000037996-23-000068,exclusion explicite
115,facts,0000037996-0000037996-24-000009-us-gaap:Assets-USD--2022-12-31,normalization_justification,,NON NORMALISÉ : en attente du rapprochement avec son document (dimensions non établies) (edgar_v7),"edgar_normalize.py reconcile-ixbrl (règles edgar_v7 sha256:10b5c23c53bba18f, automatique)",2026-09-29T11:13:43+00:00,doc:0000037996-0000037996-24-000009,exclusion explicite
116,facts,0000037996-0000037996-25-000013-us-gaap:Assets-USD--2022-12-31,normalization_justification,,NON NORMALISÉ : en attente du rapprochement avec son document (dimensions non établies) (edgar_v7),"edgar_normalize.py reconcile-ixbrl (règles edgar_v7 sha256:10b5c23c53bba18f, automatique)",2026-09-29T11:13:43+00:00,doc:0000037996-0000037996-25-000013,exclusion explicite
117,facts,0000037996-0000037996-23-000029-us-gaap:Assets-USD--2023-03-31,normalization_justification,,NON NORMALISÉ : en attente du rapprochement avec son document (dimensions non établies) (edgar_v7),"edgar_normalize.py reconcile-ixbrl (règles edgar_v7 sha256:10b5c23c53bba18f, automatique)",2026-09-29T11:13:43+00:00,doc:0000037996-0000037996-23-000029,exclusion explicite
118,facts,0000037996-0000037996-24-000075-us-gaap:Assets-USD--2023-03-31,normalization_justification,,NON NORMALISÉ : en attente du rapprochement avec son document (dimensions non établies) (edgar_v7),"edgar_normalize.py reconcile-ixbrl (règles edgar_v7 sha256:10b5c23c53bba18f, automatique)",2026-09-29T11:13:43+00:00,doc:0000037996-0000037996-24-000075,exclusion explicite
119,facts,0000037996-0000037996-23-000050-us-gaap:Assets-USD--2023-06-30,normalization_justification,,NON NORMALISÉ : en attente du rapprochement avec son document (dimensions non établies) (edgar_v7),"edgar_normalize.py reconcile-ixbrl (règles edgar_v7 sha256:10b5c23c53bba18f, automatique)",2026-09-29T11:13:43+00:00,doc:0000037996-0000037996-23-000050,exclusion explicite
120,facts,0000037996-0000037996-24-000144-us-gaap:Assets-USD--2023-06-30,normalization_justification,,NON NORMALISÉ : en attente du rapprochement avec son document (dimensions non établies) (edgar_v7),"edgar_normalize.py reconcile-ixbrl (règles edgar_v7 sha256:10b5c23c53bba18f, automatique)",2026-09-29T11:13:43+00:00,doc:0000037996-0000037996-24-000144,exclusion explicite
121,facts,0000037996-0000037996-23-000068-us-gaap:Assets-USD--2023-09-30,normalization_justification,,NON NORMALISÉ : en attente du rapprochement avec son document (dimensions non établies) (edgar_v7),"edgar_normalize.py reconcile-ixbrl (règles edgar_v7 sha256:10b5c23c53bba18f, automatique)",2026-09-29T11:13:43+00:00,doc:0000037996-0000037996-23-000068,exclusion explicite
122,facts,0000037996-0000037996-24-000185-us-gaap:Assets-USD--2023-09-30,normalization_justification,,NON NORMALISÉ : en attente du rapprochement avec son document (dimensions non établies) (edgar_v7),"edgar_normalize.py reconcile-ixbrl (règles edgar_v7 sha256:10b5c23c53bba18f, automatique)",2026-09-29T11:13:43+00:00,doc:0000037996-0000037996-24-000185,exclusion explicite
123,facts,0000037996-0000037996-24-000009-us-gaap:Assets-USD--2023-12-31,normalization_justification,,NON NORMALISÉ : en attente du rapprochement avec son document (dimensions non établies) (edgar_v7),"edgar_normalize.py reconcile-ixbrl (règles edgar_v7 sha256:10b5c23c53bba18f, automatique)",2026-09-29T11:13:43+00:00,doc:0000037996-0000037996-24-000009,exclusion explicite
124,facts,0000037996-0000037996-24-000075-us-gaap:Assets-USD--2023-12-31,normalization_justification,,NON NORMALISÉ : en attente du rapprochement avec son document (dimensions non établies) (edgar_v7),"edgar_normalize.py reconcile-ixbrl (règles edgar_v7 sha256:10b5c23c53bba18f, automatique)",2026-09-29T11:13:43+00:00,doc:0000037996-0000037996-24-000075,exclusion explicite
125,facts,0000037996-0000037996-24-000144-us-gaap:Assets-USD--2023-12-31,normalization_justification,,NON NORMALISÉ : en attente du rapprochement avec son document (dimensions non établies) (edgar_v7),"edgar_normalize.py reconcile-ixbrl (règles edgar_v7 sha256:10b5c23c53bba18f, automatique)",2026-09-29T11:13:43+00:00,doc:0000037996-0000037996-24-000144,exclusion explicite
126,facts,0000037996-0000037996-24-000185-us-gaap:Assets-USD--2023-12-31,normalization_justification,,NON NORMALISÉ : en attente du rapprochement avec son document (dimensions non établies) (edgar_v7),"edgar_normalize.py reconcile-ixbrl (règles edgar_v7 sha256:10b5c23c53bba18f, automatique)",2026-09-29T11:13:43+00:00,doc:0000037996-0000037996-24-000185,exclusion explicite
127,facts,0000037996-0000037996-25-000013-us-gaap:Assets-USD--2023-12-31,normalization_justification,,NON NORMALISÉ : en attente du rapprochement avec son document (dimensions non établies) (edgar_v7),"edgar_normalize.py reconcile-ixbrl (règles edgar_v7 sha256:10b5c23c53bba18f, automatique)",2026-09-29T11:13:43+00:00,doc:0000037996-0000037996-25-000013,exclusion explicite
128,facts,0000037996-0000037996-24-000075-us-gaap:Assets-USD--2024-03-31,normalization_justification,,NON NORMALISÉ : en attente du rapprochement avec son document (dimensions non établies) (edgar_v7),"edgar_normalize.py reconcile-ixbrl (règles edgar_v7 sha256:10b5c23c53bba18f, automatique)",2026-09-29T11:13:43+00:00,doc:0000037996-0000037996-24-000075,exclusion explicite
129,facts,0000037996-0000037996-25-000072-us-gaap:Assets-USD--2024-03-31,normalization_justification,,NON NORMALISÉ : en attente du rapprochement avec son document (dimensions non établies) (edgar_v7),"edgar_normalize.py reconcile-ixbrl (règles edgar_v7 sha256:10b5c23c53bba18f, automatique)",2026-09-29T11:13:43+00:00,doc:0000037996-0000037996-25-000072,exclusion explicite
130,facts,0000037996-0000037996-24-000144-us-gaap:Assets-USD--2024-06-30,normalization_justification,,NON NORMALISÉ : en attente du rapprochement avec son document (dimensions non établies) (edgar_v7),"edgar_normalize.py reconcile-ixbrl (règles edgar_v7 sha256:10b5c23c53bba18f, automatique)",2026-09-29T11:13:43+00:00,doc:0000037996-0000037996-24-000144,exclusion explicite
131,facts,0000037996-0000037996-25-000147-us-gaap:Assets-USD--2024-06-30,normalization_justification,,NON NORMALISÉ : en attente du rapprochement avec son document (dimensions non établies) (edgar_v7),"edgar_normalize.py reconcile-ixbrl (règles edgar_v7 sha256:10b5c23c53bba18f, automatique)",2026-09-29T11:13:43+00:00,doc:0000037996-0000037996-25-000147,exclusion explicite
132,facts,0000037996-0000037996-24-000185-us-gaap:Assets-USD--2024-09-30,normalization_justification,,NON NORMALISÉ : en attente du rapprochement avec son document (dimensions non établies) (edgar_v7),"edgar_normalize.py reconcile-ixbrl (règles edgar_v7 sha256:10b5c23c53bba18f, automatique)",2026-09-29T11:13:43+00:00,doc:0000037996-0000037996-24-000185,exclusion explicite
133,facts,0000037996-0000037996-25-000186-us-gaap:Assets-USD--2024-09-30,normalization_justification,,NON NORMALISÉ : en attente du rapprochement avec son document (dimensions non établies) (edgar_v7),"edgar_normalize.py reconcile-ixbrl (règles edgar_v7 sha256:10b5c23c53bba18f, automatique)",2026-09-29T11:13:43+00:00,doc:0000037996-0000037996-25-000186,exclusion explicite
134,facts,0000037996-0000037996-25-000013-us-gaap:Assets-USD--2024-12-31,normalization_justification,,NON NORMALISÉ : en attente du rapprochement avec son document (dimensions non établies) (edgar_v7),"edgar_normalize.py reconcile-ixbrl (règles edgar_v7 sha256:10b5c23c53bba18f, automatique)",2026-09-29T11:13:43+00:00,doc:0000037996-0000037996-25-000013,exclusion explicite
135,facts,0000037996-0000037996-25-000072-us-gaap:Assets-USD--2024-12-31,normalization_justification,,NON NORMALISÉ : en attente du rapprochement avec son document (dimensions non établies) (edgar_v7),"edgar_normalize.py reconcile-ixbrl (règles edgar_v7 sha256:10b5c23c53bba18f, automatique)",2026-09-29T11:13:43+00:00,doc:0000037996-0000037996-25-000072,exclusion explicite
136,facts,0000037996-0000037996-25-000147-us-gaap:Assets-USD--2024-12-31,normalization_justification,,NON NORMALISÉ : en attente du rapprochement avec son document (dimensions non établies) (edgar_v7),"edgar_normalize.py reconcile-ixbrl (règles edgar_v7 sha256:10b5c23c53bba18f, automatique)",2026-09-29T11:13:43+00:00,doc:0000037996-0000037996-25-000147,exclusion explicite
137,facts,0000037996-0000037996-25-000186-us-gaap:Assets-USD--2024-12-31,normalization_justification,,NON NORMALISÉ : en attente du rapprochement avec son document (dimensions non établies) (edgar_v7),"edgar_normalize.py reconcile-ixbrl (règles edgar_v7 sha256:10b5c23c53bba18f, automatique)",2026-09-29T11:13:43+00:00,doc:0000037996-0000037996-25-000186,exclusion explicite
138,facts,0000037996-0000037996-25-000072-us-gaap:Assets-USD--2025-03-31,normalization_justification,,NON NORMALISÉ : en attente du rapprochement avec son document (dimensions non établies) (edgar_v7),"edgar_normalize.py reconcile-ixbrl (règles edgar_v7 sha256:10b5c23c53bba18f, automatique)",2026-09-29T11:13:43+00:00,doc:0000037996-0000037996-25-000072,exclusion explicite
139,facts,0000037996-0000037996-26-000086-us-gaap:Assets-USD--2025-03-31,normalization_justification,,NON NORMALISÉ : en attente du rapprochement avec son document (dimensions non établies) (edgar_v7),"edgar_normalize.py reconcile-ixbrl (règles edgar_v7 sha256:10b5c23c53bba18f, automatique)",2026-09-29T11:13:43+00:00,doc:0000037996-0000037996-26-000086,exclusion explicite
140,facts,0000037996-0000037996-25-000147-us-gaap:Assets-USD--2025-06-30,normalization_justification,,NON NORMALISÉ : en attente du rapprochement avec son document (dimensions non établies) (edgar_v7),"edgar_normalize.py reconcile-ixbrl (règles edgar_v7 sha256:10b5c23c53bba18f, automatique)",2026-09-29T11:13:43+00:00,doc:0000037996-0000037996-25-000147,exclusion explicite
141,facts,0000037996-0000037996-25-000186-us-gaap:Assets-USD--2025-09-30,normalization_justification,,NON NORMALISÉ : en attente du rapprochement avec son document (dimensions non établies) (edgar_v7),"edgar_normalize.py reconcile-ixbrl (règles edgar_v7 sha256:10b5c23c53bba18f, automatique)",2026-09-29T11:13:43+00:00,doc:0000037996-0000037996-25-000186,exclusion explicite
142,facts,0000037996-0000037996-26-000086-us-gaap:Assets-USD--2025-12-31,normalization_justification,,NON NORMALISÉ : en attente du rapprochement avec son document (dimensions non établies) (edgar_v7),"edgar_normalize.py reconcile-ixbrl (règles edgar_v7 sha256:10b5c23c53bba18f, automatique)",2026-09-29T11:13:43+00:00,doc:0000037996-0000037996-26-000086,exclusion explicite
143,facts,0000037996-0000037996-26-000086-us-gaap:Assets-USD--2026-03-31,normalization_justification,,NON NORMALISÉ : en attente du rapprochement avec son document (dimensions non établies) (edgar_v7),"edgar_normalize.py reconcile-ixbrl (règles edgar_v7 sha256:10b5c23c53bba18f, automatique)",2026-09-29T11:13:43+00:00,doc:0000037996-0000037996-26-000086,exclusion explicite
144,facts,0000037996-0000037996-20-000010-us-gaap:RevenueFromContractWithCustomerExcludingAssessedTax-USD-2017-01-01-2017-12-31,normalization_justification,,NON NORMALISÉ : en attente du rapprochement avec son document (dimensions non établies) (edgar_v7),"edgar_normalize.py reconcile-ixbrl (règles edgar_v7 sha256:10b5c23c53bba18f, automatique)",2026-09-29T11:13:43+00:00,doc:0000037996-0000037996-20-000010,exclusion explicite
145,facts,0000037996-0000037996-19-000067-us-gaap:RevenueFromContractWithCustomerExcludingAssessedTax-USD-2018-01-01-2018-06-30,normalization_justification,,NON NORMALISÉ : en attente du rapprochement avec son document (dimensions non établies) (edgar_v7),"edgar_normalize.py reconcile-ixbrl (règles edgar_v7 sha256:10b5c23c53bba18f, automatique)",2026-09-29T11:13:43+00:00,doc:0000037996-0000037996-19-000067,exclusion explicite
146,facts,0000037996-0000037996-19-000067-us-gaap:RevenueFromContractWithCustomerExcludingAssessedTax-USD-2018-04-01-2018-06-30,normalization_justification,,NON NORMALISÉ : en attente du rapprochement avec son document (dimensions non établies) (edgar_v7),"edgar_normalize.py reconcile-ixbrl (règles edgar_v7 sha256:10b5c23c53bba18f, automatique)",2026-09-29T11:13:43+00:00,doc:0000037996-0000037996-19-000067,exclusion explicite
147,facts,0000037996-0000037996-19-000078-us-gaap:RevenueFromContractWithCustomerExcludingAssessedTax-USD-2018-01-01-2018-09-30,normalization_justification,,NON NORMALISÉ : en attente du rapprochement avec son document (dimensions non établies) (edgar_v7),"edgar_normalize.py reconcile-ixbrl (règles edgar_v7 sha256:10b5c23c53bba18f, automatique)",2026-09-29T11:13:43+00:00,doc:0000037996-0000037996-19-000078,exclusion explicite
148,facts,0000037996-0000037996-19-000078-us-gaap:RevenueFromContractWithCustomerExcludingAssessedTax-USD-2018-07-01-2018-09-30,normalization_justification,,NON NORMALISÉ : en attente du rapprochement avec son document (dimensions non établies) (edgar_v7),"edgar_normalize.py reconcile-ixbrl (règles edgar_v7 sha256:10b5c23c53bba18f, automatique)",2026-09-29T11:13:43+00:00,doc:0000037996-0000037996-19-000078,exclusion explicite
149,facts,0000037996-0000037996-20-000010-us-gaap:RevenueFromContractWithCustomerExcludingAssessedTax-USD-2018-01-01-2018-12-31,normalization_justification,,NON NORMALISÉ : en attente du rapprochement avec son document (dimensions non établies) (edgar_v7),"edgar_normalize.py reconcile-ixbrl (règles edgar_v7 sha256:10b5c23c53bba18f, automatique)",2026-09-29T11:13:43+00:00,doc:0000037996-0000037996-20-000010,exclusion explicite
150,facts,0000037996-0000037996-21-000012-us-gaap:RevenueFromContractWithCustomerExcludingAssessedTax-USD-2018-01-01-2018-12-31,normalization_justification,,NON NORMALISÉ : en attente du rapprochement avec son document (dimensions non établies) (edgar_v7),"edgar_normalize.py reconcile-ixbrl (règles edgar_v7 sha256:10b5c23c53bba18f, automatique)",2026-09-29T11:13:43+00:00,doc:0000037996-0000037996-21-000012,exclusion explicite
151,facts,0000037996-0000037996-20-000041-us-gaap:RevenueFromContractWithCustomerExcludingAssessedTax-USD-2019-01-01-2019-03-31,normalization_justification,,NON NORMALISÉ : en attente du rapprochement avec son document (dimensions non établies) (edgar_v7),"edgar_normalize.py reconcile-ixbrl (règles edgar_v7 sha256:10b5c23c53bba18f, automatique)",2026-09-29T11:13:43+00:00,doc:0000037996-0000037996-20-000041,exclusion explicite
152,facts,0000037996-0000037996-19-000067-us-gaap:RevenueFromContractWithCustomerExcludingAssessedTax-USD-2019-01-01-2019-06-30,normalization_justification,,NON NORMALISÉ : en attente du rapprochement avec son document (dimensions non établies) (edgar_v7),"edgar_normalize.py reconcile-ixbrl (règles edgar_v7 sha256:10b5c23c53bba18f, automatique)",2026-09-29T11:13:43+00:00,doc:0000037996-0000037996-19-000067,exclusion explicite
153,facts,0000037996-0000037996-20-000057-us-gaap:RevenueFromContractWithCustomerExcludingAssessedTax-USD-2019-01-01-2019-06-30,normalization_justification,,NON NORMALISÉ : en attente du rapprochement avec son document (dimensions non établies) (edgar_v7),"edgar_normalize.py reconcile-ixbrl (règles edgar_v7 sha256:10b5c23c53bba18f, automatique)",2026-09-29T11:13:43+00:00,doc:0000037996-0000037996-20-000057,exclusion explicite
154,facts,0000037996-0000037996-19-000067-us-gaap:RevenueFromContractWithCustomerExcludingAssessedTax-USD-2019-04-01-2019-06-30,normalization_justification,,NON NORMALISÉ : en attente du rapprochement avec son document (dimensions non établies) (edgar_v7),"edgar_normalize.py reconcile-ixbrl (règles edgar_v7 sha256:10b5c23c53bba18f, automatique)",2026-09-29T11:13:43+00:00,doc:0000037996-0000037996-19-000067,exclusion explicite
155,facts,0000037996-0000037996-20-000057-us-gaap:RevenueFromContractWithCustomerExcludingAssessedTax-USD-2019-04-01-2019-06-30,normalization_justification,,NON NORMALISÉ : en attente du rapprochement avec son document (dimensions non établies) (edgar_v7),"edgar_normalize.py reconcile-ixbrl (règles edgar_v7 sha256:10b5c23c53bba18f, automatique)",2026-09-29T11:13:43+00:00,doc:0000037996-0000037996-20-000057,exclusion explicite
156,facts,0000037996-0000037996-19-000078-us-gaap:RevenueFromContractWithCustomerExcludingAssessedTax-USD-2019-01-01-2019-09-30,normalization_justification,,NON NORMALISÉ : en attente du rapprochement avec son document (dimensions non établies) (edgar_v7),"edgar_normalize.py reconcile-ixbrl (règles edgar_v7 sha256:10b5c23c53bba18f, automatique)",2026-09-29T11:13:43+00:00,doc:0000037996-0000037996-19-000078,exclusion explicite
157,facts,0000037996-0000037996-20-000071-us-gaap:RevenueFromContractWithCustomerExcludingAssessedTax-USD-2019-01-01-2019-09-30,normalization_justification,,NON NORMALISÉ : en attente du rapprochement avec son document (dimensions non établies) (edgar_v7),"edgar_normalize.py reconcile-ixbrl (règles edgar_v7 sha256:10b5c23c53bba18f, automatique)",2026-09-29T11:13:43+00:00,doc:0000037996-0000037996-20-000071,exclusion explicite
158,facts,0000037996-0000037996-19-000078-us-gaap:RevenueFromContractWithCustomerExcludingAssessedTax-USD-2019-07-01-2019-09-30,normalization_justification,,NON NORMALISÉ : en attente du rapprochement avec son document (dimensions non établies) (edgar_v7),"edgar_normalize.py reconcile-ixbrl (règles edgar_v7 sha256:10b5c23c53bba18f, automatique)",2026-09-29T11:13:43+00:00,doc:0000037996-0000037996-19-000078,exclusion explicite
159,facts,0000037996-0000037996-20-000071-us-gaap:RevenueFromContractWithCustomerExcludingAssessedTax-USD-2019-07-01-2019-09-30,normalization_justification,,NON NORMALISÉ : en attente du rapprochement avec son document (dimensions non établies) (edgar_v7),"edgar_normalize.py reconcile-ixbrl (règles edgar_v7 sha256:10b5c23c53bba18f, automatique)",2026-09-29T11:13:43+00:00,doc:0000037996-0000037996-20-000071,exclusion explicite
160,facts,0000037996-0000037996-20-000010-us-gaap:RevenueFromContractWithCustomerExcludingAssessedTax-USD-2019-01-01-2019-12-31,normalization_justification,,NON NORMALISÉ : en attente du rapprochement avec son document (dimensions non établies) (edgar_v7),"edgar_normalize.py reconcile-ixbrl (règles edgar_v7 sha256:10b5c23c53bba18f, automatique)",2026-09-29T11:13:43+00:00,doc:0000037996-0000037996-20-000010,exclusion explicite
161,facts,0000037996-0000037996-21-000012-us-gaap:RevenueFromContractWithCustomerExcludingAssessedTax-USD-2019-01-01-2019-12-31,normalization_justification,,NON NORMALISÉ : en attente du rapprochement avec son document (dimensions non établies) (edgar_v7),"edgar_normalize.py reconcile-ixbrl (règles edgar_v7 sha256:10b5c23c53bba18f, automatique)",2026-09-29T11:13:43+00:00,doc:0000037996-0000037996-21-000012,exclusion explicite
162,facts,0000037996-0000037996-22-000013-us-gaap:RevenueFromContractWithCustomerExcludingAssessedTax-USD-2019-01-01-2019-12-31,normalization_justification,,NON NORMALISÉ : en attente du rapprochement avec son document (dimensions non établies) (edgar_v7),"edgar_normalize.py reconcile-ixbrl (règles edgar_v7 sha256:10b5c23c53bba18f, automatique)",2026-09-29T11:13:43+00:00,doc:0000037996-0000037996-22-000013,exclusion explicite
163,facts,0000037996-0000037996-20-000041-us-gaap:RevenueFromContractWithCustomerExcludingAssessedTax-USD-2020-01-01-2020-03-31,normalization_justification,,NON NORMALISÉ : en attente du rapprochement avec son document (dimensions non établies) (edgar_v7),"edgar_normalize.py reconcile-ixbrl (règles edgar_v7 sha256:10b5c23c53bba18f, automatique)",2026-09-29T11:13:43+00:00,doc:0000037996-0000037996-20-000041,exclusion explicite
164,facts,0000037996-0000037996-21-000026-us-gaap:RevenueFromContractWithCustomerExcludingAssessedTax-USD-2020-01-01-2020-03-31,normalization_justification,,NON NORMALISÉ : en attente du rapprochement avec son document (dimensions non établies) (edgar_v7),"edgar_normalize.py reconcile-ixbrl (règles edgar_v7 sha256:10b5c23c53bba18f, automatique)",2026-09-29T11:13:43+00:00,doc:0000037996-0000037996-21-000026,exclusion explicite
165,facts,0000037996-0000037996-20-000057-us-gaap:RevenueFromContractWithCustomerExcludingAssessedTax-USD-2020-01-01-2020-06-30,normalization_justification,,NON NORMALISÉ : en attente du rapprochement avec son document (dimensions non établies) (edgar_v7),"edgar_normalize.py reconcile-ixbrl (règles edgar_v7 sha256:10b5c23c53bba18f, automatique)",2026-09-29T11:13:43+00:00,doc:0000037996-0000037996-20-000057,exclusion explicite
166,facts,0000037996-0000037996-21-000058-us-gaap:RevenueFromContractWithCustomerExcludingAssessedTax-USD-2020-01-01-2020-06-30,normalization_justification,,NON NORMALISÉ : en attente du rapprochement avec son document (dimensions non établies) (edgar_v7),"edgar_normalize.py reconcile-ixbrl (règles edgar_v7 sha256:10b5c23c53bba18f, automatique)",2026-09-29T11:13:43+00:00,doc:0000037996-0000037996-21-000058,exclusion explicite
167,facts,0000037996-0000037996-20-000057-us-gaap:RevenueFromContractWithCustomerExcludingAssessedTax-USD-2020-04-01-2020-06-30,normalization_justification,,NON NORMALISÉ : en attente du rapprochement avec son document (dimensions non établies) (edgar_v7),"edgar_normalize.py reconcile-ixbrl (règles edgar_v7 sha256:10b5c23c53bba18f, automatique)",2026-09-29T11:13:43+00:00,doc:0000037996-0000037996-20-000057,exclusion explicite
168,facts,0000037996-0000037996-21-000058-us-gaap:RevenueFromContractWithCustomerExcludingAssessedTax-USD-2020-04-01-2020-06-30,normalization_justification,,NON NORMALISÉ : en attente du rapprochement avec son document (dimensions non établies) (edgar_v7),"edgar_normalize.py reconcile-ixbrl (règles edgar_v7 sha256:10b5c23c53bba18f, automatique)",2026-09-29T11:13:43+00:00,doc:0000037996-0000037996-21-000058,exclusion explicite
169,facts,0000037996-0000037996-20-000071-us-gaap:RevenueFromContractWithCustomerExcludingAssessedTax-USD-2020-01-01-2020-09-30,normalization_justification,,NON NORMALISÉ : en attente du rapprochement avec son document (dimensions non établies) (edgar_v7),"edgar_normalize.py reconcile-ixbrl (règles edgar_v7 sha256:10b5c23c53bba18f, automatique)",2026-09-29T11:13:43+00:00,doc:0000037996-0000037996-20-000071,exclusion explicite
170,facts,0000037996-0000037996-21-000086-us-gaap:RevenueFromContractWithCustomerExcludingAssessedTax-USD-2020-01-01-2020-09-30,normalization_justification,,NON NORMALISÉ : en attente du rapprochement avec son document (dimensions non établies) (edgar_v7),"edgar_normalize.py reconcile-ixbrl (règles edgar_v7 sha256:10b5c23c53bba18f, automatique)",2026-09-29T11:13:43+00:00,doc:0000037996-0000037996-21-000086,exclusion explicite
171,facts,0000037996-0000037996-20-000071-us-gaap:RevenueFromContractWithCustomerExcludingAssessedTax-USD-2020-07-01-2020-09-30,normalization_justification,,NON NORMALISÉ : en attente du rapprochement avec son document (dimensions non établies) (edgar_v7),"edgar_normalize.py reconcile-ixbrl (règles edgar_v7 sha256:10b5c23c53bba18f, automatique)",2026-09-29T11:13:43+00:00,doc:0000037996-0000037996-20-000071,exclusion explicite
172,facts,0000037996-0000037996-21-000086-us-gaap:RevenueFromContractWithCustomerExcludingAssessedTax-USD-2020-07-01-2020-09-30,normalization_justification,,NON NORMALISÉ : en attente du rapprochement avec son document (dimensions non établies) (edgar_v7),"edgar_normalize.py reconcile-ixbrl (règles edgar_v7 sha256:10b5c23c53bba18f, automatique)",2026-09-29T11:13:43+00:00,doc:0000037996-0000037996-21-000086,exclusion explicite
173,facts,0000037996-0000037996-21-000012-us-gaap:RevenueFromContractWithCustomerExcludingAssessedTax-USD-2020-01-01-2020-12-31,normalization_justification,,NON NORMALISÉ : en attente du rapprochement avec son document (dimensions non établies) (edgar_v7),"edgar_normalize.py reconcile-ixbrl (règles edgar_v7 sha256:10b5c23c53bba18f, automatique)",2026-09-29T11:13:43+00:00,doc:0000037996-0000037996-21-000012,exclusion explicite
174,facts,0000037996-0000037996-22-000013-us-gaap:RevenueFromContractWithCustomerExcludingAssessedTax-USD-2020-01-01-2020-12-31,normalization_justification,,NON NORMALISÉ : en attente du rapprochement avec son document (dimensions non établies) (edgar_v7),"edgar_normalize.py reconcile-ixbrl (règles edgar_v7 sha256:10b5c23c53bba18f, automatique)",2026-09-29T11:13:43+00:00,doc:0000037996-0000037996-22-000013,exclusion explicite
175,facts,0000037996-0000037996-23-000012-us-gaap:RevenueFromContractWithCustomerExcludingAssessedTax-USD-2020-01-01-2020-12-31,normalization_justification,,NON NORMALISÉ : en attente du rapprochement avec son document (dimensions non établies) (edgar_v7),"edgar_normalize.py reconcile-ixbrl (règles edgar_v7 sha256:10b5c23c53bba18f, automatique)",2026-09-29T11:13:43+00:00,doc:0000037996-0000037996-23-000012,exclusion explicite
176,facts,0000037996-0000037996-21-000026-us-gaap:RevenueFromContractWithCustomerExcludingAssessedTax-USD-2021-01-01-2021-03-31,normalization_justification,,NON NORMALISÉ : en attente du rapprochement avec son document (dimensions non établies) (edgar_v7),"edgar_normalize.py reconcile-ixbrl (règles edgar_v7 sha256:10b5c23c53bba18f, automatique)",2026-09-29T11:13:43+00:00,doc:0000037996-0000037996-21-000026,exclusion explicite
177,facts,0000037996-0000037996-22-000024-us-gaap:RevenueFromContractWithCustomerExcludingAssessedTax-USD-2021-01-01-2021-03-31,normalization_justification,,NON NORMALISÉ : en attente du rapprochement avec son document (dimensions non établies) (edgar_v7),"edgar_normalize.py reconcile-ixbrl (règles edgar_v7 sha256:10b5c23c53bba18f, automatique)",2026-09-29T11:13:43+00:00,doc:0000037996-0000037996-22-000024,exclusion explicite
178,facts,0000037996-0000037996-21-000058-us-gaap:RevenueFromContractWithCustomerExcludingAssessedTax-USD-2021-01-01-2021-06-30,normalization_justification,,NON NORMALISÉ : en attente du rapprochement avec son document (dimensions non établies) (edgar_v7),"edgar_normalize.py reconcile-ixbrl (règles edgar_v7 sha256:10b5c23c53bba18f, automatique)",2026-09-29T11:13:43+00:00,doc:0000037996-0000037996-21-000058,exclusion explicite
179,facts,0000037996-0000037996-22-000048-us-gaap:RevenueFromContractWithCustomerExcludingAssessedTax-USD-2021-01-01-2021-06-30,normalization_justification,,NON NORMALISÉ : en attente du rapprochement avec son document (dimensions non établies) (edgar_v7),"edgar_normalize.py reconcile-ixbrl (règles edgar_v7 sha256:10b5c23c53bba18f, automatique)",2026-09-29T11:13:43+00:00,doc:0000037996-0000037996-22-000048,exclusion explicite
180,facts,0000037996-0000037996-21-000058-us-gaap:RevenueFromContractWithCustomerExcludingAssessedTax-USD-2021-04-01-2021-06-30,normalization_justification,,NON NORMALISÉ : en attente du rapprochement avec son document (dimensions non établies) (edgar_v7),"edgar_normalize.py reconcile-ixbrl (règles edgar_v7 sha256:10b5c23c53bba18f, automatique)",2026-09-29T11:13:43+00:00,doc:0000037996-0000037996-21-000058,exclusion explicite
181,facts,0000037996-0000037996-22-000048-us-gaap:RevenueFromContractWithCustomerExcludingAssessedTax-USD-2021-04-01-2021-06-30,normalization_justification,,NON NORMALISÉ : en attente du rapprochement avec son document (dimensions non établies) (edgar_v7),"edgar_normalize.py reconcile-ixbrl (règles edgar_v7 sha256:10b5c23c53bba18f, automatique)",2026-09-29T11:13:43+00:00,doc:0000037996-0000037996-22-000048,exclusion explicite
182,facts,0000037996-0000037996-21-000086-us-gaap:RevenueFromContractWithCustomerExcludingAssessedTax-USD-2021-01-01-2021-09-30,normalization_justification,,NON NORMALISÉ : en attente du rapprochement avec son document (dimensions non établies) (edgar_v7),"edgar_normalize.py reconcile-ixbrl (règles edgar_v7 sha256:10b5c23c53bba18f, automatique)",2026-09-29T11:13:43+00:00,doc:0000037996-0000037996-21-000086,exclusion explicite
183,facts,0000037996-0000037996-22-000073-us-gaap:RevenueFromContractWithCustomerExcludingAssessedTax-USD-2021-01-01-2021-09-30,normalization_justification,,NON NORMALISÉ : en attente du rapprochement avec son document (dimensions non établies) (edgar_v7),"edgar_normalize.py reconcile-ixbrl (règles edgar_v7 sha256:10b5c23c53bba18f, automatique)",2026-09-29T11:13:43+00:00,doc:0000037996-0000037996-22-000073,exclusion explicite
184,facts,0000037996-0000037996-21-000086-us-gaap:RevenueFromContractWithCustomerExcludingAssessedTax-USD-2021-07-01-2021-09-30,normalization_justification,,NON NORMALISÉ : en attente du rapprochement avec son document (dimensions non établies) (edgar_v7),"edgar_normalize.py reconcile-ixbrl (règles edgar_v7 sha256:10b5c23c53bba18f, automatique)",2026-09-29T11:13:43+00:00,doc:0000037996-0000037996-21-000086,exclusion explicite
185,facts,0000037996-0000037996-22-000073-us-gaap:RevenueFromContractWithCustomerExcludingAssessedTax-USD-2021-07-01-2021-09-30,normalization_justification,,NON NORMALISÉ : en attente du rapprochement avec son document (dimensions non établies) (edgar_v7),"edgar_normalize.py reconcile-ixbrl (règles edgar_v7 sha256:10b5c23c53bba18f, automatique)",2026-09-29T11:13:43+00:00,doc:0000037996-0000037996-22-000073,exclusion explicite
186,facts,0000037996-0000037996-22-000013-us-gaap:RevenueFromContractWithCustomerExcludingAssessedTax-USD-2021-01-01-2021-12-31,normalization_justification,,NON NORMALISÉ : en attente du rapprochement avec son document (dimensions non établies) (edgar_v7),"edgar_normalize.py reconcile-ixbrl (règles edgar_v7 sha256:10b5c23c53bba18f, automatique)",2026-09-29T11:13:43+00:00,doc:0000037996-0000037996-22-000013,exclusion explicite
187,facts,0000037996-0000037996-23-000012-us-gaap:RevenueFromContractWithCustomerExcludingAssessedTax-USD-2021-01-01-2021-12-31,normalization_justification,,NON NORMALISÉ : en attente du rapprochement avec son document (dimensions non établies) (edgar_v7),"edgar_normalize.py reconcile-ixbrl (règles edgar_v7 sha256:10b5c23c53bba18f, automatique)",2026-09-29T11:13:43+00:00,doc:0000037996-0000037996-23-000012,exclusion explicite
188,facts,0000037996-0000037996-24-000009-us-gaap:RevenueFromContractWithCustomerExcludingAssessedTax-USD-2021-01-01-2021-12-31,normalization_justification,,NON NORMALISÉ : en attente du rapprochement avec son document (dimensions non établies) (edgar_v7),"edgar_normalize.py reconcile-ixbrl (règles edgar_v7 sha256:10b5c23c53bba18f, automatique)",2026-09-29T11:13:43+00:00,doc:0000037996-0000037996-24-000009,exclusion explicite
189,facts,0000037996-0000037996-22-000024-us-gaap:RevenueFromContractWithCustomerExcludingAssessedTax-USD-2022-01-01-2022-03-31,normalization_justification,,NON NORMALISÉ : en attente du rapprochement avec son document (dimensions non établies) (edgar_v7),"edgar_normalize.py reconcile-ixbrl (règles edgar_v7 sha256:10b5c23c53bba18f, automatique)",2026-09-29T11:13:43+00:00,doc:0000037996-0000037996-22-000024,exclusion explicite
190,facts,0000037996-0000037996-23-000029-us-gaap:RevenueFromContractWithCustomerExcludingAssessedTax-USD-2022-01-01-2022-03-31,normalization_justification,,NON NORMALISÉ : en attente du rapprochement avec son document (dimensions non établies) (edgar_v7),"edgar_normalize.py reconcile-ixbrl (règles edgar_v7 sha256:10b5c23c53bba18f, automatique)",2026-09-29T11:13:43+00:00,doc:0000037996-0000037996-23-000029,exclusion explicite
191,facts,0000037996-0000037996-22-000048-us-gaap:RevenueFromContractWithCustomerExcludingAssessedTax-USD-2022-01-01-2022-06-30,normalization_justification,,NON NORMALISÉ : en attente du rapprochement avec son document (dimensions non établies) (edgar_v7),"edgar_normalize.py reconcile-ixbrl (règles edgar_v7 sha256:10b5c23c53bba18f, automatique)",2026-09-29T11:13:43+00:00,doc:0000037996-0000037996-22-000048,exclusion explicite
192,facts,0000037996-0000037996-23-000050-us-gaap:RevenueFromContractWithCustomerExcludingAssessedTax-USD-2022-01-01-2022-06-30,normalization_justification,,NON NORMALISÉ : en attente du rapprochement avec son document (dimensions non établies) (edgar_v7),"edgar_normalize.py reconcile-ixbrl (règles edgar_v7 sha256:10b5c23c53bba18f, automatique)",2026-09-29T11:13:43+00:00,doc:0000037996-0000037996-23-000050,exclusion explicite
193,facts,0000037996-0000037996-22-000048-us-gaap:RevenueFromContractWithCustomerExcludingAssessedTax-USD-2022-04-01-2022-06-30,normalization_justification,,NON NORMALISÉ : en attente du rapprochement avec son document (dimensions non établies) (edgar_v7),"edgar_normalize.py reconcile-ixbrl (règles edgar_v7 sha256:10b5c23c53bba18f, automatique)",2026-09-29T11:13:43+00:00,doc:0000037996-0000037996-22-000048,exclusion explicite
194,facts,0000037996-0000037996-23-000050-us-gaap:RevenueFromContractWithCustomerExcludingAssessedTax-USD-2022-04-01-2022-06-30,normalization_justification,,NON NORMALISÉ : en attente du rapprochement avec son document (dimensions non établies) (edgar_v7),"edgar_normalize.py reconcile-ixbrl (règles edgar_v7 sha256:10b5c23c53bba18f, automatique)",2026-09-29T11:13:43+00:00,doc:0000037996-0000037996-23-000050,exclusion explicite
195,facts,0000037996-0000037996-22-000073-us-gaap:RevenueFromContractWithCustomerExcludingAssessedTax-USD-2022-01-01-2022-09-30,normalization_justification,,NON NORMALISÉ : en attente du rapprochement avec son document (dimensions non établies) (edgar_v7),"edgar_normalize.py reconcile-ixbrl (règles edgar_v7 sha256:10b5c23c53bba18f, automatique)",2026-09-29T11:13:43+00:00,doc:0000037996-0000037996-22-000073,exclusion explicite
196,facts,0000037996-0000037996-23-000068-us-gaap:RevenueFromContractWithCustomerExcludingAssessedTax-USD-2022-01-01-2022-09-30,normalization_justification,,NON NORMALISÉ : en attente du rapprochement avec son document (dimensions non établies) (edgar_v7),"edgar_normalize.py reconcile-ixbrl (règles edgar_v7 sha256:10b5c23c53bba18f, automatique)",2026-09-29T11:13:43+00:00,doc:0000037996-0000037996-23-000068,exclusion explicite
197,facts,0000037996-0000037996-22-000073-us-gaap:RevenueFromContractWithCustomerExcludingAssessedTax-USD-2022-07-01-2022-09-30,normalization_justification,,NON NORMALISÉ : en attente du rapprochement avec son document (dimensions non établies) (edgar_v7),"edgar_normalize.py reconcile-ixbrl (règles edgar_v7 sha256:10b5c23c53bba18f, automatique)",2026-09-29T11:13:43+00:00,doc:0000037996-0000037996-22-000073,exclusion explicite
198,facts,0000037996-0000037996-23-000068-us-gaap:RevenueFromContractWithCustomerExcludingAssessedTax-USD-2022-07-01-2022-09-30,normalization_justification,,NON NORMALISÉ : en attente du rapprochement avec son document (dimensions non établies) (edgar_v7),"edgar_normalize.py reconcile-ixbrl (règles edgar_v7 sha256:10b5c23c53bba18f, automatique)",2026-09-29T11:13:43+00:00,doc:0000037996-0000037996-23-000068,exclusion explicite
199,facts,0000037996-0000037996-23-000012-us-gaap:RevenueFromContractWithCustomerExcludingAssessedTax-USD-2022-01-01-2022-12-31,normalization_justification,,NON NORMALISÉ : en attente du rapprochement avec son document (dimensions non établies) (edgar_v7),"edgar_normalize.py reconcile-ixbrl (règles edgar_v7 sha256:10b5c23c53bba18f, automatique)",2026-09-29T11:13:43+00:00,doc:0000037996-0000037996-23-000012,exclusion explicite
200,facts,0000037996-0000037996-24-000009-us-gaap:RevenueFromContractWithCustomerExcludingAssessedTax-USD-2022-01-01-2022-12-31,normalization_justification,,NON NORMALISÉ : en attente du rapprochement avec son document (dimensions non établies) (edgar_v7),"edgar_normalize.py reconcile-ixbrl (règles edgar_v7 sha256:10b5c23c53bba18f, automatique)",2026-09-29T11:13:43+00:00,doc:0000037996-0000037996-24-000009,exclusion explicite
201,facts,0000037996-0000037996-25-000013-us-gaap:RevenueFromContractWithCustomerExcludingAssessedTax-USD-2022-01-01-2022-12-31,normalization_justification,,NON NORMALISÉ : en attente du rapprochement avec son document (dimensions non établies) (edgar_v7),"edgar_normalize.py reconcile-ixbrl (règles edgar_v7 sha256:10b5c23c53bba18f, automatique)",2026-09-29T11:13:43+00:00,doc:0000037996-0000037996-25-000013,exclusion explicite
202,facts,0000037996-0000037996-23-000029-us-gaap:RevenueFromContractWithCustomerExcludingAssessedTax-USD-2023-01-01-2023-03-31,normalization_justification,,NON NORMALISÉ : en attente du rapprochement avec son document (dimensions non établies) (edgar_v7),"edgar_normalize.py reconcile-ixbrl (règles edgar_v7 sha256:10b5c23c53bba18f, automatique)",2026-09-29T11:13:43+00:00,doc:0000037996-0000037996-23-000029,exclusion explicite
203,facts,0000037996-0000037996-24-000075-us-gaap:RevenueFromContractWithCustomerExcludingAssessedTax-USD-2023-01-01-2023-03-31,normalization_justification,,NON NORMALISÉ : en attente du rapprochement avec son document (dimensions non établies) (edgar_v7),"edgar_normalize.py reconcile-ixbrl (règles edgar_v7 sha256:10b5c23c53bba18f, automatique)",2026-09-29T11:13:43+00:00,doc:0000037996-0000037996-24-000075,exclusion explicite
204,facts,0000037996-0000037996-23-000050-us-gaap:RevenueFromContractWithCustomerExcludingAssessedTax-USD-2023-01-01-2023-06-30,normalization_justification,,NON NORMALISÉ : en attente du rapprochement avec son document (dimensions non établies) (edgar_v7),"edgar_normalize.py reconcile-ixbrl (règles edgar_v7 sha256:10b5c23c53bba18f, automatique)",2026-09-29T11:13:43+00:00,doc:0000037996-0000037996-23-000050,exclusion explicite
205,facts,0000037996-0000037996-24-000144-us-gaap:RevenueFromContractWithCustomerExcludingAssessedTax-USD-2023-01-01-2023-06-30,normalization_justification,,NON NORMALISÉ : en attente du rapprochement avec son document (dimensions non établies) (edgar_v7),"edgar_normalize.py reconcile-ixbrl (règles edgar_v7 sha256:10b5c23c53bba18f, automatique)",2026-09-29T11:13:43+00:00,doc:0000037996-0000037996-24-000144,exclusion explicite
206,facts,0000037996-0000037996-23-000050-us-gaap:RevenueFromContractWithCustomerExcludingAssessedTax-USD-2023-04-01-2023-06-30,normalization_justification,,NON NORMALISÉ : en attente du rapprochement avec son document (dimensions non établies) (edgar_v7),"edgar_normalize.py reconcile-ixbrl (règles edgar_v7 sha256:10b5c23c53bba18f, automatique)",2026-09-29T11:13:43+00:00,doc:0000037996-0000037996-23-000050,exclusion explicite
207,facts,0000037996-0000037996-24-000144-us-gaap:RevenueFromContractWithCustomerExcludingAssessedTax-USD-2023-04-01-2023-06-30,normalization_justification,,NON NORMALISÉ : en attente du rapprochement avec son document (dimensions non établies) (edgar_v7),"edgar_normalize.py reconcile-ixbrl (règles edgar_v7 sha256:10b5c23c53bba18f, automatique)",2026-09-29T11:13:43+00:00,doc:0000037996-0000037996-24-000144,exclusion explicite
208,facts,0000037996-0000037996-23-000068-us-gaap:RevenueFromContractWithCustomerExcludingAssessedTax-USD-2023-01-01-2023-09-30,normalization_justification,,NON NORMALISÉ : en attente du rapprochement avec son document (dimensions non établies) (edgar_v7),"edgar_normalize.py reconcile-ixbrl (règles edgar_v7 sha256:10b5c23c53bba18f, automatique)",2026-09-29T11:13:43+00:00,doc:0000037996-0000037996-23-000068,exclusion explicite
209,facts,0000037996-0000037996-24-000185-us-gaap:RevenueFromContractWithCustomerExcludingAssessedTax-USD-2023-01-01-2023-09-30,normalization_justification,,NON NORMALISÉ : en attente du rapprochement avec son document (dimensions non établies) (edgar_v7),"edgar_normalize.py reconcile-ixbrl (règles edgar_v7 sha256:10b5c23c53bba18f, automatique)",2026-09-29T11:13:43+00:00,doc:0000037996-0000037996-24-000185,exclusion explicite
210,facts,0000037996-0000037996-23-000068-us-gaap:RevenueFromContractWithCustomerExcludingAssessedTax-USD-2023-07-01-2023-09-30,normalization_justification,,NON NORMALISÉ : en attente du rapprochement avec son document (dimensions non établies) (edgar_v7),"edgar_normalize.py reconcile-ixbrl (règles edgar_v7 sha256:10b5c23c53bba18f, automatique)",2026-09-29T11:13:43+00:00,doc:0000037996-0000037996-23-000068,exclusion explicite
211,facts,0000037996-0000037996-24-000185-us-gaap:RevenueFromContractWithCustomerExcludingAssessedTax-USD-2023-07-01-2023-09-30,normalization_justification,,NON NORMALISÉ : en attente du rapprochement avec son document (dimensions non établies) (edgar_v7),"edgar_normalize.py reconcile-ixbrl (règles edgar_v7 sha256:10b5c23c53bba18f, automatique)",2026-09-29T11:13:43+00:00,doc:0000037996-0000037996-24-000185,exclusion explicite
212,facts,0000037996-0000037996-24-000009-us-gaap:RevenueFromContractWithCustomerExcludingAssessedTax-USD-2023-01-01-2023-12-31,normalization_justification,,NON NORMALISÉ : en attente du rapprochement avec son document (dimensions non établies) (edgar_v7),"edgar_normalize.py reconcile-ixbrl (règles edgar_v7 sha256:10b5c23c53bba18f, automatique)",2026-09-29T11:13:43+00:00,doc:0000037996-0000037996-24-000009,exclusion explicite
213,facts,0000037996-0000037996-25-000013-us-gaap:RevenueFromContractWithCustomerExcludingAssessedTax-USD-2023-01-01-2023-12-31,normalization_justification,,NON NORMALISÉ : en attente du rapprochement avec son document (dimensions non établies) (edgar_v7),"edgar_normalize.py reconcile-ixbrl (règles edgar_v7 sha256:10b5c23c53bba18f, automatique)",2026-09-29T11:13:43+00:00,doc:0000037996-0000037996-25-000013,exclusion explicite
214,facts,0000037996-0000037996-24-000075-us-gaap:RevenueFromContractWithCustomerExcludingAssessedTax-USD-2024-01-01-2024-03-31,normalization_justification,,NON NORMALISÉ : en attente du rapprochement avec son document (dimensions non établies) (edgar_v7),"edgar_normalize.py reconcile-ixbrl (règles edgar_v7 sha256:10b5c23c53bba18f, automatique)",2026-09-29T11:13:43+00:00,doc:0000037996-0000037996-24-000075,exclusion explicite
215,facts,0000037996-0000037996-25-000072-us-gaap:RevenueFromContractWithCustomerExcludingAssessedTax-USD-2024-01-01-2024-03-31,normalization_justification,,NON NORMALISÉ : en attente du rapprochement avec son document (dimensions non établies) (edgar_v7),"edgar_normalize.py reconcile-ixbrl (règles edgar_v7 sha256:10b5c23c53bba18f, automatique)",2026-09-29T11:13:43+00:00,doc:0000037996-0000037996-25-000072,exclusion explicite
216,facts,0000037996-0000037996-24-000144-us-gaap:RevenueFromContractWithCustomerExcludingAssessedTax-USD-2024-01-01-2024-06-30,normalization_justification,,NON NORMALISÉ : en attente du rapprochement avec son document (dimensions non établies) (edgar_v7),"edgar_normalize.py reconcile-ixbrl (règles edgar_v7 sha256:10b5c23c53bba18f, automatique)",2026-09-29T11:13:43+00:00,doc:0000037996-0000037996-24-000144,exclusion explicite
217,facts,0000037996-0000037996-25-000147-us-gaap:RevenueFromContractWithCustomerExcludingAssessedTax-USD-2024-01-01-2024-06-30,normalization_justification,,NON NORMALISÉ : en attente du rapprochement avec son document (dimensions non établies) (edgar_v7),"edgar_normalize.py reconcile-ixbrl (règles edgar_v7 sha256:10b5c23c53bba18f, automatique)",2026-09-29T11:13:43+00:00,doc:0000037996-0000037996-25-000147,exclusion explicite
218,facts,0000037996-0000037996-24-000144-us-gaap:RevenueFromContractWithCustomerExcludingAssessedTax-USD-2024-04-01-2024-06-30,normalization_justification,,NON NORMALISÉ : en attente du rapprochement avec son document (dimensions non établies) (edgar_v7),"edgar_normalize.py reconcile-ixbrl (règles edgar_v7 sha256:10b5c23c53bba18f, automatique)",2026-09-29T11:13:43+00:00,doc:0000037996-0000037996-24-000144,exclusion explicite
219,facts,0000037996-0000037996-25-000147-us-gaap:RevenueFromContractWithCustomerExcludingAssessedTax-USD-2024-04-01-2024-06-30,normalization_justification,,NON NORMALISÉ : en attente du rapprochement avec son document (dimensions non établies) (edgar_v7),"edgar_normalize.py reconcile-ixbrl (règles edgar_v7 sha256:10b5c23c53bba18f, automatique)",2026-09-29T11:13:43+00:00,doc:0000037996-0000037996-25-000147,exclusion explicite
220,facts,0000037996-0000037996-24-000185-us-gaap:RevenueFromContractWithCustomerExcludingAssessedTax-USD-2024-01-01-2024-09-30,normalization_justification,,NON NORMALISÉ : en attente du rapprochement avec son document (dimensions non établies) (edgar_v7),"edgar_normalize.py reconcile-ixbrl (règles edgar_v7 sha256:10b5c23c53bba18f, automatique)",2026-09-29T11:13:43+00:00,doc:0000037996-0000037996-24-000185,exclusion explicite
221,facts,0000037996-0000037996-25-000186-us-gaap:RevenueFromContractWithCustomerExcludingAssessedTax-USD-2024-01-01-2024-09-30,normalization_justification,,NON NORMALISÉ : en attente du rapprochement avec son document (dimensions non établies) (edgar_v7),"edgar_normalize.py reconcile-ixbrl (règles edgar_v7 sha256:10b5c23c53bba18f, automatique)",2026-09-29T11:13:43+00:00,doc:0000037996-0000037996-25-000186,exclusion explicite
222,facts,0000037996-0000037996-24-000185-us-gaap:RevenueFromContractWithCustomerExcludingAssessedTax-USD-2024-07-01-2024-09-30,normalization_justification,,NON NORMALISÉ : en attente du rapprochement avec son document (dimensions non établies) (edgar_v7),"edgar_normalize.py reconcile-ixbrl (règles edgar_v7 sha256:10b5c23c53bba18f, automatique)",2026-09-29T11:13:43+00:00,doc:0000037996-0000037996-24-000185,exclusion explicite
223,facts,0000037996-0000037996-25-000186-us-gaap:RevenueFromContractWithCustomerExcludingAssessedTax-USD-2024-07-01-2024-09-30,normalization_justification,,NON NORMALISÉ : en attente du rapprochement avec son document (dimensions non établies) (edgar_v7),"edgar_normalize.py reconcile-ixbrl (règles edgar_v7 sha256:10b5c23c53bba18f, automatique)",2026-09-29T11:13:43+00:00,doc:0000037996-0000037996-25-000186,exclusion explicite
224,facts,0000037996-0000037996-25-000013-us-gaap:RevenueFromContractWithCustomerExcludingAssessedTax-USD-2024-01-01-2024-12-31,normalization_justification,,NON NORMALISÉ : en attente du rapprochement avec son document (dimensions non établies) (edgar_v7),"edgar_normalize.py reconcile-ixbrl (règles edgar_v7 sha256:10b5c23c53bba18f, automatique)",2026-09-29T11:13:43+00:00,doc:0000037996-0000037996-25-000013,exclusion explicite
225,facts,0000037996-0000037996-25-000072-us-gaap:RevenueFromContractWithCustomerExcludingAssessedTax-USD-2025-01-01-2025-03-31,normalization_justification,,NON NORMALISÉ : en attente du rapprochement avec son document (dimensions non établies) (edgar_v7),"edgar_normalize.py reconcile-ixbrl (règles edgar_v7 sha256:10b5c23c53bba18f, automatique)",2026-09-29T11:13:43+00:00,doc:0000037996-0000037996-25-000072,exclusion explicite
226,facts,0000037996-0000037996-26-000086-us-gaap:RevenueFromContractWithCustomerExcludingAssessedTax-USD-2025-01-01-2025-03-31,normalization_justification,,NON NORMALISÉ : en attente du rapprochement avec son document (dimensions non établies) (edgar_v7),"edgar_normalize.py reconcile-ixbrl (règles edgar_v7 sha256:10b5c23c53bba18f, automatique)",2026-09-29T11:13:43+00:00,doc:0000037996-0000037996-26-000086,exclusion explicite
227,facts,0000037996-0000037996-25-000147-us-gaap:RevenueFromContractWithCustomerExcludingAssessedTax-USD-2025-01-01-2025-06-30,normalization_justification,,NON NORMALISÉ : en attente du rapprochement avec son document (dimensions non établies) (edgar_v7),"edgar_normalize.py reconcile-ixbrl (règles edgar_v7 sha256:10b5c23c53bba18f, automatique)",2026-09-29T11:13:43+00:00,doc:0000037996-0000037996-25-000147,exclusion explicite
228,facts,0000037996-0000037996-25-000147-us-gaap:RevenueFromContractWithCustomerExcludingAssessedTax-USD-2025-04-01-2025-06-30,normalization_justification,,NON NORMALISÉ : en attente du rapprochement avec son document (dimensions non établies) (edgar_v7),"edgar_normalize.py reconcile-ixbrl (règles edgar_v7 sha256:10b5c23c53bba18f, automatique)",2026-09-29T11:13:43+00:00,doc:0000037996-0000037996-25-000147,exclusion explicite
229,facts,0000037996-0000037996-25-000186-us-gaap:RevenueFromContractWithCustomerExcludingAssessedTax-USD-2025-01-01-2025-09-30,normalization_justification,,NON NORMALISÉ : en attente du rapprochement avec son document (dimensions non établies) (edgar_v7),"edgar_normalize.py reconcile-ixbrl (règles edgar_v7 sha256:10b5c23c53bba18f, automatique)",2026-09-29T11:13:43+00:00,doc:0000037996-0000037996-25-000186,exclusion explicite
230,facts,0000037996-0000037996-25-000186-us-gaap:RevenueFromContractWithCustomerExcludingAssessedTax-USD-2025-07-01-2025-09-30,normalization_justification,,NON NORMALISÉ : en attente du rapprochement avec son document (dimensions non établies) (edgar_v7),"edgar_normalize.py reconcile-ixbrl (règles edgar_v7 sha256:10b5c23c53bba18f, automatique)",2026-09-29T11:13:43+00:00,doc:0000037996-0000037996-25-000186,exclusion explicite
231,facts,0000037996-0000037996-26-000086-us-gaap:RevenueFromContractWithCustomerExcludingAssessedTax-USD-2026-01-01-2026-03-31,normalization_justification,,NON NORMALISÉ : en attente du rapprochement avec son document (dimensions non établies) (edgar_v7),"edgar_normalize.py reconcile-ixbrl (règles edgar_v7 sha256:10b5c23c53bba18f, automatique)",2026-09-29T11:13:43+00:00,doc:0000037996-0000037996-26-000086,exclusion explicite
