ticker,available_date,activity_codes,activity_description,source
FXALP,2021-01-01,SOFTWARE,Éditeur de logiciels de gestion,DEMO_FICTIF - généré par tools/generate_demo_data.py (graine 20260928)
FXBET,2021-01-01,HEALTHCARE,Fabricant de dispositifs médicaux,DEMO_FICTIF - généré par tools/generate_demo_data.py (graine 20260928)
FXIOT,2021-01-01,INDUSTRIALS,Matériaux de construction,DEMO_FICTIF - généré par tools/generate_demo_data.py (graine 20260928)
FXLAM,2021-01-01,TRANSPORT,Transport routier de marchandises,DEMO_FICTIF - généré par tools/generate_demo_data.py (graine 20260928)
FXKAP,2021-01-01,TELECOM,Opérateur de télécommunications,DEMO_FICTIF - généré par tools/generate_demo_data.py (graine 20260928)
FXOME,2021-01-01,RETAIL,Grande distribution alimentaire,DEMO_FICTIF - généré par tools/generate_demo_data.py (graine 20260928)
FXSIG,2021-01-01,CHEMICALS,Chimie de spécialité,DEMO_FICTIF - généré par tools/generate_demo_data.py (graine 20260928)
FXGAM,2021-01-01,CONVENTIONAL_BANKING,Banque de détail à intérêts,DEMO_FICTIF - généré par tools/generate_demo_data.py (graine 20260928)
FXDEL,2021-01-01,ALCOHOL,Production de bière,DEMO_FICTIF - généré par tools/generate_demo_data.py (graine 20260928)
FXEPS,2021-01-01,INDUSTRIALS,"Machines-outils, fortement endettée",DEMO_FICTIF - généré par tools/generate_demo_data.py (graine 20260928)
FXETA,2021-01-01,ENERGY,Production d'électricité (aucune donnée financière fournie),DEMO_FICTIF - généré par tools/generate_demo_data.py (graine 20260928)
FXTHE,2021-01-01,TOBACCO,Fabrication de cigarettes,DEMO_FICTIF - généré par tools/generate_demo_data.py (graine 20260928)
FXOBL,2021-01-01,CONVENTIONAL_BANKING,Obligation à coupon d'intérêt,DEMO_FICTIF - généré par tools/generate_demo_data.py (graine 20260928)
FXNU,2023-02-28,INDUSTRIALS,"Robots industriels, introduite en bourse en 2023",DEMO_FICTIF - généré par tools/generate_demo_data.py (graine 20260928)
FXMU,2021-01-03,SOFTWARE,"Services informatiques, radiée de la cote en 2024",DEMO_FICTIF - généré par tools/generate_demo_data.py (graine 20260928)
FXLAM,2024-03-15,TRANSPORT;GAMBLING,Transport routier ; rachat d'un casino annoncé le 2024-03-15,DEMO_FICTIF - généré par tools/generate_demo_data.py (graine 20260928)
