ticker,period_end,available_date,currency,market_cap,shares_outstanding,total_assets,interest_bearing_debt,cash_and_interest_bearing_investments,total_revenue,non_compliant_revenue,source
FXALP,2020-09-30,2020-11-14,EUR,1000000000,23809524,793198879,49575344,83502865,509858229,0,DEMO_FICTIF - généré par tools/generate_demo_data.py (graine 20260928)
FXALP,2020-12-31,2021-02-14,EUR,1000000000,23809524,844034864,50421557,81173057,479612427,0,DEMO_FICTIF - généré par tools/generate_demo_data.py (graine 20260928)
FXALP,2021-03-31,2021-05-15,EUR,860596945,23809524,685111501,39520941,67767482,417526266,0,DEMO_FICTIF - généré par tools/generate_demo_data.py (graine 20260928)
FXALP,2021-06-30,2021-08-14,EUR,963863758,23809524,769255591,49512462,74395263,480397491,0,DEMO_FICTIF - généré par tools/generate_demo_data.py (graine 20260928)
FXALP,2021-09-30,2021-11-14,EUR,817316786,23809524,664822903,40700469,65481915,417852378,0,DEMO_FICTIF - généré par tools/generate_demo_data.py (graine 20260928)
FXALP,2021-12-31,2022-02-14,EUR,706368767,23809524,567473488,36200528,57155989,350553789,0,DEMO_FICTIF - généré par tools/generate_demo_data.py (graine 20260928)
FXALP,2022-03-31,2022-05-15,EUR,644246593,23809524,496893212,32138526,50984393,324410811,0,DEMO_FICTIF - généré par tools/generate_demo_data.py (graine 20260928)
FXALP,2022-06-30,2022-08-14,EUR,630110183,23809524,517531915,29414788,49117767,306963563,0,DEMO_FICTIF - généré par tools/generate_demo_data.py (graine 20260928)
FXALP,2022-09-30,2022-11-14,EUR,586626664,23809524,458864621,28767673,47913995,279749303,0,DEMO_FICTIF - généré par tools/generate_demo_data.py (graine 20260928)
FXALP,2022-12-31,2023-02-14,EUR,644416979,23809524,499412194,32310138,48845992,322363649,0,DEMO_FICTIF - généré par tools/generate_demo_data.py (graine 20260928)
FXALP,2023-03-31,2023-05-15,EUR,725387848,23809524,594437097,35467617,59346194,348923748,0,DEMO_FICTIF - généré par tools/generate_demo_data.py (graine 20260928)
FXALP,2023-06-30,2023-08-14,EUR,782463888,23809524,609652484,39130222,63178700,377401155,0,DEMO_FICTIF - généré par tools/generate_demo_data.py (graine 20260928)
FXALP,2023-09-30,2023-11-14,EUR,781535330,23809524,628896095,37191084,61995425,391726530,0,DEMO_FICTIF - généré par tools/generate_demo_data.py (graine 20260928)
FXALP,2023-12-31,2024-02-14,EUR,693808780,23809524,547905646,35215908,54608303,346879623,0,DEMO_FICTIF - généré par tools/generate_demo_data.py (graine 20260928)
FXALP,2024-03-31,2024-05-15,EUR,772670508,23809524,602123369,37970540,62194122,395678126,0,DEMO_FICTIF - généré par tools/generate_demo_data.py (graine 20260928)
FXALP,2024-06-30,2024-08-14,EUR,745865461,23809524,601704211,37333459,61858749,366421789,0,DEMO_FICTIF - généré par tools/generate_demo_data.py (graine 20260928)
FXALP,2024-09-30,2024-11-14,EUR,852104023,23809524,703481743,42081870,65715593,431148592,0,DEMO_FICTIF - généré par tools/generate_demo_data.py (graine 20260928)
FXALP,2024-12-31,2025-02-14,EUR,1196373512,23809524,977440647,60319458,91595895,605519386,0,DEMO_FICTIF - généré par tools/generate_demo_data.py (graine 20260928)
FXALP,2025-03-31,2025-05-15,EUR,1479649742,23809524,1143659968,74634668,114995784,757994128,0,DEMO_FICTIF - généré par tools/generate_demo_data.py (graine 20260928)
FXALP,2025-06-30,2025-08-14,EUR,1392353125,23809524,1108079557,71401313,113209485,711249377,0,DEMO_FICTIF - généré par tools/generate_demo_data.py (graine 20260928)
FXALP,2025-09-30,2025-11-14,EUR,1735008169,23809524,1340712388,90779144,140776583,832294102,0,DEMO_FICTIF - généré par tools/generate_demo_data.py (graine 20260928)
FXBET,2020-09-30,2020-11-14,EUR,1000000000,8474576,812156904,116247411,102897363,515674129,2578371,DEMO_FICTIF - généré par tools/generate_demo_data.py (graine 20260928)
FXBET,2020-12-31,2021-02-14,EUR,1000000000,8474576,836138129,115933042,103769605,507120990,2535605,DEMO_FICTIF - généré par tools/generate_demo_data.py (graine 20260928)
FXBET,2021-03-31,2021-05-15,EUR,924543327,8474576,730726203,116920511,90151204,497708809,2488544,DEMO_FICTIF - généré par tools/generate_demo_data.py (graine 20260928)
FXBET,2021-06-30,2021-08-14,EUR,948753759,8474576,756010963,117566585,98511974,468517122,2342586,DEMO_FICTIF - généré par tools/generate_demo_data.py (graine 20260928)
FXBET,2021-09-30,2021-11-14,EUR,786298703,8474576,625568453,97168210,78940392,393192689,1965963,DEMO_FICTIF - généré par tools/generate_demo_data.py (graine 20260928)
FXBET,2021-12-31,2022-02-14,EUR,976854296,8474576,789490441,118352596,97012038,469086898,2345434,DEMO_FICTIF - généré par tools/generate_demo_data.py (graine 20260928)
FXBET,2022-03-31,2022-05-15,EUR,799739981,8474576,650047505,98497768,82730051,394226790,1971134,DEMO_FICTIF - généré par tools/generate_demo_data.py (graine 20260928)
FXBET,2022-06-30,2022-08-14,EUR,673585482,8474576,560382360,81239990,67217618,318056816,1590284,DEMO_FICTIF - généré par tools/generate_demo_data.py (graine 20260928)
FXBET,2022-09-30,2022-11-14,EUR,591077679,8474576,465202383,73475238,57017318,302876015,1514380,DEMO_FICTIF - généré par tools/generate_demo_data.py (graine 20260928)
FXBET,2022-12-31,2023-02-14,EUR,522847887,8474576,427985899,63000446,49759398,261695321,1308477,DEMO_FICTIF - généré par tools/generate_demo_data.py (graine 20260928)
FXBET,2023-03-31,2023-05-15,EUR,478970727,8474576,376176710,58862090,46569394,235943678,1179718,DEMO_FICTIF - généré par tools/generate_demo_data.py (graine 20260928)
FXBET,2023-06-30,2023-08-14,EUR,456324655,8474576,356848820,52702353,43676858,225212713,1126064,DEMO_FICTIF - généré par tools/generate_demo_data.py (graine 20260928)
FXBET,2023-09-30,2023-11-14,EUR,436782929,8474576,339714583,50090831,44728431,215770440,1078852,DEMO_FICTIF - généré par tools/generate_demo_data.py (graine 20260928)
FXBET,2023-12-31,2024-02-14,EUR,386780738,8474576,297345978,46320019,39599222,192855256,964276,DEMO_FICTIF - généré par tools/generate_demo_data.py (graine 20260928)
FXBET,2024-03-31,2024-05-15,EUR,428459671,8474576,343714618,50461353,42177037,201910885,1009554,DEMO_FICTIF - généré par tools/generate_demo_data.py (graine 20260928)
FXBET,2024-06-30,2024-08-14,EUR,442806181,8474576,359155305,54517675,43764568,224041676,1120208,DEMO_FICTIF - généré par tools/generate_demo_data.py (graine 20260928)
FXBET,2024-09-30,2024-11-14,EUR,407968071,8474576,333036884,51356598,42194843,206626466,1033132,DEMO_FICTIF - généré par tools/generate_demo_data.py (graine 20260928)
FXBET,2024-12-31,2025-02-14,EUR,445164473,8474576,355959261,52015909,46856160,216576111,1082881,DEMO_FICTIF - généré par tools/generate_demo_data.py (graine 20260928)
FXBET,2025-03-31,2025-05-15,EUR,524545680,8474576,406483903,60371108,51615262,264833152,1324166,DEMO_FICTIF - généré par tools/generate_demo_data.py (graine 20260928)
FXBET,2025-06-30,2025-08-14,EUR,484939580,8474576,374192599,59175732,47817663,241231502,1206158,DEMO_FICTIF - généré par tools/generate_demo_data.py (graine 20260928)
FXBET,2025-09-30,2025-11-14,EUR,563506890,8474576,426652805,68938895,56528667,284154404,1420772,DEMO_FICTIF - généré par tools/generate_demo_data.py (graine 20260928)
FXIOT,2020-09-30,2020-11-14,EUR,1000000000,42553191,839472715,155771611,62525174,504596486,0,DEMO_FICTIF - généré par tools/generate_demo_data.py (graine 20260928)
FXIOT,2020-12-31,2021-02-14,EUR,1000000000,42553191,772969831,151346925,58944368,492607544,0,DEMO_FICTIF - généré par tools/generate_demo_data.py (graine 20260928)
FXIOT,2021-03-31,2021-05-15,EUR,807904569,42553191,631364728,121271874,47788750,396055494,0,DEMO_FICTIF - généré par tools/generate_demo_data.py (graine 20260928)
FXIOT,2021-06-30,2021-08-14,EUR,795751352,42553191,629358533,115476652,47642809,374068910,0,DEMO_FICTIF - généré par tools/generate_demo_data.py (graine 20260928)
FXIOT,2021-09-30,2021-11-14,EUR,790626064,42553191,630057758,109223591,47696141,401317300,0,DEMO_FICTIF - généré par tools/generate_demo_data.py (graine 20260928)
FXIOT,2021-12-31,2022-02-14,EUR,672119359,42553191,542574088,101069847,38870179,326599481,0,DEMO_FICTIF - généré par tools/generate_demo_data.py (graine 20260928)
FXIOT,2022-03-31,2022-05-15,EUR,640908333,42553191,524076044,97471849,37355790,326474009,0,DEMO_FICTIF - généré par tools/generate_demo_data.py (graine 20260928)
FXIOT,2022-06-30,2022-08-14,EUR,606748627,42553191,492800305,90269191,35535056,298277736,0,DEMO_FICTIF - généré par tools/generate_demo_data.py (graine 20260928)
FXIOT,2022-09-30,2022-11-14,EUR,567929707,42553191,471713369,84458200,33259375,277838104,0,DEMO_FICTIF - généré par tools/generate_demo_data.py (graine 20260928)
FXIOT,2022-12-31,2023-02-14,EUR,593363722,42553191,468523766,90362763,36413020,296875510,0,DEMO_FICTIF - généré par tools/generate_demo_data.py (graine 20260928)
FXIOT,2023-03-31,2023-05-15,EUR,648019676,42553191,498418679,97713834,38502232,320399003,,DEMO_FICTIF - généré par tools/generate_demo_data.py (graine 20260928)
FXIOT,2023-06-30,2023-08-14,EUR,547706073,42553191,436199078,84175099,33137597,280378010,0,DEMO_FICTIF - généré par tools/generate_demo_data.py (graine 20260928)
FXIOT,2023-09-30,2023-11-14,EUR,641258201,42553191,538405629,94135086,39404123,326602974,0,DEMO_FICTIF - généré par tools/generate_demo_data.py (graine 20260928)
FXIOT,2023-12-31,2024-02-14,EUR,526389904,42553191,433583811,79988973,33835423,269301288,0,DEMO_FICTIF - généré par tools/generate_demo_data.py (graine 20260928)
FXIOT,2024-03-31,2024-05-15,EUR,612735812,42553191,479065008,93625134,37582529,298103716,0,DEMO_FICTIF - généré par tools/generate_demo_data.py (graine 20260928)
FXIOT,2024-06-30,2024-08-14,EUR,715243852,42553191,555902229,105332159,43316919,328987633,0,DEMO_FICTIF - généré par tools/generate_demo_data.py (graine 20260928)
FXIOT,2024-09-30,2024-11-14,EUR,697582465,42553191,553072920,100769267,42439368,342235533,0,DEMO_FICTIF - généré par tools/generate_demo_data.py (graine 20260928)
FXIOT,2024-12-31,2025-02-14,EUR,880075695,42553191,686911239,129746470,54212566,434096654,0,DEMO_FICTIF - généré par tools/generate_demo_data.py (graine 20260928)
FXIOT,2025-03-31,2025-05-15,EUR,911688161,42553191,737341673,140838095,52560458,461710509,0,DEMO_FICTIF - généré par tools/generate_demo_data.py (graine 20260928)
FXIOT,2025-06-30,2025-08-14,EUR,675089992,42553191,561612447,98638835,41318740,318497501,0,DEMO_FICTIF - généré par tools/generate_demo_data.py (graine 20260928)
FXIOT,2025-09-30,2025-11-14,EUR,642897208,42553191,504590522,93527672,35977475,313421172,0,DEMO_FICTIF - généré par tools/generate_demo_data.py (graine 20260928)
FXLAM,2020-09-30,2020-11-14,EUR,1000000000,15625000,767163443,140626576,47081396,484764953,0,DEMO_FICTIF - généré par tools/generate_demo_data.py (graine 20260928)
FXLAM,2020-12-31,2021-02-14,EUR,1000000000,15625000,822923701,139771321,49120294,496042859,0,DEMO_FICTIF - généré par tools/generate_demo_data.py (graine 20260928)
FXLAM,2021-03-31,2021-05-15,EUR,754243243,15625000,597597450,104652131,38470875,356112787,0,DEMO_FICTIF - généré par tools/generate_demo_data.py (graine 20260928)
FXLAM,2021-06-30,2021-08-14,EUR,824745380,15625000,657758381,113703069,38013992,425528832,0,DEMO_FICTIF - généré par tools/generate_demo_data.py (graine 20260928)
FXLAM,2021-09-30,2021-11-14,EUR,654537746,15625000,539337698,90083338,34591505,332281784,0,DEMO_FICTIF - généré par tools/generate_demo_data.py (graine 20260928)
FXLAM,2021-12-31,2022-02-14,EUR,734701111,15625000,572944258,103788197,37105153,364971104,0,DEMO_FICTIF - généré par tools/generate_demo_data.py (graine 20260928)
FXLAM,2022-03-31,2022-05-15,EUR,555745950,15625000,436666153,76668913,28299916,288039569,0,DEMO_FICTIF - généré par tools/generate_demo_data.py (graine 20260928)
FXLAM,2022-06-30,2022-08-14,EUR,501348554,15625000,386129851,71725752,24549818,269073194,0,DEMO_FICTIF - généré par tools/generate_demo_data.py (graine 20260928)
FXLAM,2022-09-30,2022-11-14,EUR,459218290,15625000,372799598,61769842,23386635,237744570,0,DEMO_FICTIF - généré par tools/generate_demo_data.py (graine 20260928)
FXLAM,2022-12-31,2023-02-14,EUR,450764564,15625000,353213332,67489033,22161355,227680011,0,DEMO_FICTIF - généré par tools/generate_demo_data.py (graine 20260928)
FXLAM,2023-03-31,2023-05-15,EUR,468188095,15625000,373377506,63744900,23382917,244370701,0,DEMO_FICTIF - généré par tools/generate_demo_data.py (graine 20260928)
FXLAM,2023-06-30,2023-08-14,EUR,458370137,15625000,372765778,65917770,24141500,216072514,0,DEMO_FICTIF - généré par tools/generate_demo_data.py (graine 20260928)
FXLAM,2023-09-30,2023-11-14,EUR,529698875,15625000,422552547,71896657,26510381,270565155,0,DEMO_FICTIF - généré par tools/generate_demo_data.py (graine 20260928)
FXLAM,2023-12-31,2024-02-14,EUR,396057358,15625000,302079489,56465423,19468352,197666304,0,DEMO_FICTIF - généré par tools/generate_demo_data.py (graine 20260928)
FXLAM,2024-03-31,2024-05-15,EUR,354242739,15625000,282158462,48756278,18229872,188634599,0,DEMO_FICTIF - généré par tools/generate_demo_data.py (graine 20260928)
FXLAM,2024-06-30,2024-08-14,EUR,388630481,15625000,308476419,55612546,19252211,191297181,0,DEMO_FICTIF - généré par tools/generate_demo_data.py (graine 20260928)
FXLAM,2024-09-30,2024-11-14,EUR,329212692,15625000,263336705,45207040,17383257,164126125,0,DEMO_FICTIF - généré par tools/generate_demo_data.py (graine 20260928)
FXLAM,2024-12-31,2025-02-14,EUR,455324164,15625000,362934709,66097658,22846320,219282808,0,DEMO_FICTIF - généré par tools/generate_demo_data.py (graine 20260928)
FXLAM,2025-03-31,2025-05-15,EUR,384550617,15625000,301092127,55299181,18886340,192460011,0,DEMO_FICTIF - généré par tools/generate_demo_data.py (graine 20260928)
FXLAM,2025-06-30,2025-08-14,EUR,403781364,15625000,315759268,56588600,19314678,210050434,0,DEMO_FICTIF - généré par tools/generate_demo_data.py (graine 20260928)
FXLAM,2025-09-30,2025-11-14,EUR,352017587,15625000,271437099,47092268,17647018,175033496,0,DEMO_FICTIF - généré par tools/generate_demo_data.py (graine 20260928)
FXKAP,2020-09-30,2020-11-14,EUR,1000000000,63291139,764344839,120701091,60782374,514424429,0,DEMO_FICTIF - généré par tools/generate_demo_data.py (graine 20260928)
FXKAP,2020-12-31,2021-02-14,EUR,1000000000,63291139,803318584,117871181,58860932,504275718,0,DEMO_FICTIF - généré par tools/generate_demo_data.py (graine 20260928)
FXKAP,2021-03-31,2021-05-15,EUR,1051541157,63291139,873946206,126144312,64455419,527988679,0,DEMO_FICTIF - généré par tools/generate_demo_data.py (graine 20260928)
FXKAP,2021-06-30,2021-08-14,EUR,1089258275,63291139,846122529,120943457,64948365,526553054,0,DEMO_FICTIF - généré par tools/generate_demo_data.py (graine 20260928)
FXKAP,2021-09-30,2021-11-14,EUR,958028804,63291139,816418395,118520062,58924242,451138761,0,DEMO_FICTIF - généré par tools/generate_demo_data.py (graine 20260928)
FXKAP,2021-12-31,2022-02-14,EUR,938737990,63291139,749534364,116994601,59925914,481130477,0,DEMO_FICTIF - généré par tools/generate_demo_data.py (graine 20260928)
FXKAP,2022-03-31,2022-05-15,EUR,782310575,63291139,611802416,95850681,49009413,388179073,0,DEMO_FICTIF - généré par tools/generate_demo_data.py (graine 20260928)
FXKAP,2022-06-30,2022-08-14,EUR,808891125,63291139,659272558,100464055,48022243,407580079,0,DEMO_FICTIF - généré par tools/generate_demo_data.py (graine 20260928)
FXKAP,2022-09-30,2022-11-14,EUR,739090233,63291139,614442886,86774100,41882990,382075610,0,DEMO_FICTIF - généré par tools/generate_demo_data.py (graine 20260928)
FXKAP,2022-12-31,2023-02-14,EUR,739570945,63291139,602432873,87046209,46789629,372082782,0,DEMO_FICTIF - généré par tools/generate_demo_data.py (graine 20260928)
FXKAP,2023-03-31,2023-05-15,EUR,714626144,63291139,574503003,87520282,43367966,364623204,0,DEMO_FICTIF - généré par tools/generate_demo_data.py (graine 20260928)
FXKAP,2023-06-30,2023-08-14,EUR,824333507,63291139,666164097,101163531,46945724,412057210,0,DEMO_FICTIF - généré par tools/generate_demo_data.py (graine 20260928)
FXKAP,2023-09-30,2023-11-14,EUR,835279129,63291139,628682734,102978241,51320746,442678805,0,DEMO_FICTIF - généré par tools/generate_demo_data.py (graine 20260928)
FXKAP,2023-12-31,2024-02-14,EUR,762909280,63291139,616902814,95063524,45220395,393690172,0,DEMO_FICTIF - généré par tools/generate_demo_data.py (graine 20260928)
FXKAP,2024-03-31,2024-05-15,EUR,898086216,63291139,744303121,107215413,56360884,456501132,0,DEMO_FICTIF - généré par tools/generate_demo_data.py (graine 20260928)
FXKAP,2024-06-30,2024-08-14,EUR,1004256658,63291139,783506175,386731211,59064869,501462691,0,DEMO_FICTIF - généré par tools/generate_demo_data.py (graine 20260928)
FXKAP,2024-09-30,2024-11-14,EUR,1079223207,63291139,836540331,409851189,62471776,528734023,0,DEMO_FICTIF - généré par tools/generate_demo_data.py (graine 20260928)
FXKAP,2024-12-31,2025-02-14,EUR,1352056468,63291139,1073479002,497194393,81488871,656639510,0,DEMO_FICTIF - généré par tools/generate_demo_data.py (graine 20260928)
FXKAP,2025-03-31,2025-05-15,EUR,1354996856,63291139,1025988789,518824800,79101539,681657010,0,DEMO_FICTIF - généré par tools/generate_demo_data.py (graine 20260928)
FXKAP,2025-06-30,2025-08-14,EUR,1408178549,63291139,1215656196,536362082,88200947,711922112,0,DEMO_FICTIF - généré par tools/generate_demo_data.py (graine 20260928)
FXKAP,2025-09-30,2025-11-14,EUR,1310478430,63291139,1067369909,508286351,75706990,675208482,0,DEMO_FICTIF - généré par tools/generate_demo_data.py (graine 20260928)
FXOME,2020-09-30,2020-11-14,EUR,1000000000,11363636,770288949,99303310,71322860,486666104,10706654,DEMO_FICTIF - généré par tools/generate_demo_data.py (graine 20260928)
FXOME,2020-12-31,2021-02-14,EUR,1000000000,11363636,790296074,100984007,69875204,485412426,10679073,DEMO_FICTIF - généré par tools/generate_demo_data.py (graine 20260928)
FXOME,2021-03-31,2021-05-15,EUR,807571517,11363636,653441819,82901420,56471248,407303382,8960674,DEMO_FICTIF - généré par tools/generate_demo_data.py (graine 20260928)
FXOME,2021-06-30,2021-08-14,EUR,844931080,11363636,662212514,85952937,57681705,418135854,9198989,DEMO_FICTIF - généré par tools/generate_demo_data.py (graine 20260928)
FXOME,2021-09-30,2021-11-14,EUR,808292121,11363636,688870944,80952498,55780542,395762431,8706773,DEMO_FICTIF - généré par tools/generate_demo_data.py (graine 20260928)
FXOME,2021-12-31,2022-02-14,EUR,1012395931,11363636,816460703,98777535,68518374,524443296,11537753,DEMO_FICTIF - généré par tools/generate_demo_data.py (graine 20260928)
FXOME,2022-03-31,2022-05-15,EUR,788141187,11363636,612397687,79774082,52916378,395653243,8704371,DEMO_FICTIF - généré par tools/generate_demo_data.py (graine 20260928)
FXOME,2022-06-30,2022-08-14,EUR,754413751,11363636,618580022,73275654,53245437,376045983,8273012,DEMO_FICTIF - généré par tools/generate_demo_data.py (graine 20260928)
FXOME,2022-09-30,2022-11-14,EUR,843181070,11363636,680337064,84982871,58130764,440152234,9683349,DEMO_FICTIF - généré par tools/generate_demo_data.py (graine 20260928)
FXOME,2022-12-31,2023-02-14,EUR,901562282,11363636,704329097,90116195,64612007,468114344,10298516,DEMO_FICTIF - généré par tools/generate_demo_data.py (graine 20260928)
FXOME,2023-03-31,2023-05-15,EUR,816515185,11363636,646996153,82424140,55863217,401904660,8841903,DEMO_FICTIF - généré par tools/generate_demo_data.py (graine 20260928)
FXOME,2023-06-30,2023-08-14,EUR,707403752,11363636,559051699,69234914,50981389,378210001,8320620,DEMO_FICTIF - généré par tools/generate_demo_data.py (graine 20260928)
FXOME,2023-09-30,2023-11-14,EUR,682244967,11363636,539278150,64026072,47595484,358791189,7893406,DEMO_FICTIF - généré par tools/generate_demo_data.py (graine 20260928)
FXOME,2023-12-31,2024-02-14,EUR,631980772,11363636,495859019,63445849,44532034,316595619,6965104,DEMO_FICTIF - généré par tools/generate_demo_data.py (graine 20260928)
FXOME,2024-03-31,2024-05-15,EUR,714253563,11363636,559897605,73197420,46551238,348874328,7675235,DEMO_FICTIF - généré par tools/generate_demo_data.py (graine 20260928)
FXOME,2024-06-30,2024-08-14,EUR,756735710,11363636,575408781,73875693,51477142,380949954,8380899,DEMO_FICTIF - généré par tools/generate_demo_data.py (graine 20260928)
FXOME,2024-09-30,2024-11-14,EUR,666785653,11363636,502025912,65884235,46900799,338784412,7453257,DEMO_FICTIF - généré par tools/generate_demo_data.py (graine 20260928)
FXOME,2024-12-31,2025-02-14,EUR,780830845,11363636,618733703,74944034,55765724,377348843,8301675,DEMO_FICTIF - généré par tools/generate_demo_data.py (graine 20260928)
FXOME,2025-03-31,2025-05-15,EUR,811807043,11363636,652960773,79305728,58782138,408170813,8979758,DEMO_FICTIF - généré par tools/generate_demo_data.py (graine 20260928)
FXOME,2025-06-30,2025-08-14,EUR,852219202,11363636,724230483,81498905,61262621,423063471,9307396,DEMO_FICTIF - généré par tools/generate_demo_data.py (graine 20260928)
FXOME,2025-09-30,2025-11-14,EUR,972539566,11363636,813022672,97564476,65281004,474880740,10447376,DEMO_FICTIF - généré par tools/generate_demo_data.py (graine 20260928)
FXSIG,2020-09-30,2020-11-14,EUR,1000000000,5681818,798500716,79660631,49326031,488595907,0,DEMO_FICTIF - généré par tools/generate_demo_data.py (graine 20260928)
FXSIG,2020-12-31,2021-02-14,EUR,1000000000,5681818,794264826,79046446,49818196,491694989,0,DEMO_FICTIF - généré par tools/generate_demo_data.py (graine 20260928)
FXSIG,2021-03-31,2021-05-15,EUR,943621156,5681818,744155175,74435631,48487024,492624465,0,DEMO_FICTIF - généré par tools/generate_demo_data.py (graine 20260928)
FXSIG,2021-06-30,2021-08-14,EUR,1095913661,5681818,846404491,87128833,52720749,537626505,0,DEMO_FICTIF - généré par tools/generate_demo_data.py (graine 20260928)
FXSIG,2021-09-30,2021-11-14,EUR,966062994,5681818,767510342,77301050,48564434,505502420,0,DEMO_FICTIF - généré par tools/generate_demo_data.py (graine 20260928)
FXSIG,2021-12-31,2022-02-14,EUR,836801348,5681818,638028774,63843135,41443626,404259756,0,DEMO_FICTIF - généré par tools/generate_demo_data.py (graine 20260928)
FXSIG,2022-03-31,2022-05-15,EUR,646996273,5681818,504036828,48644008,31353031,328893282,0,DEMO_FICTIF - généré par tools/generate_demo_data.py (graine 20260928)
FXSIG,2022-06-30,2022-08-14,EUR,679720270,5681818,540260958,54442277,34172963,344172148,0,DEMO_FICTIF - généré par tools/generate_demo_data.py (graine 20260928)
FXSIG,2022-09-30,2022-11-14,EUR,660903152,5681818,522593003,55235824,32771677,332018279,0,DEMO_FICTIF - généré par tools/generate_demo_data.py (graine 20260928)
FXSIG,2022-12-31,2023-02-14,EUR,525113307,5681818,416604185,42032178,25934373,259259541,0,DEMO_FICTIF - généré par tools/generate_demo_data.py (graine 20260928)
FXGAM,2020-09-30,2020-11-14,EUR,1000000000,32258065,788510679,588039445,410278283,493405270,345383689,DEMO_FICTIF - généré par tools/generate_demo_data.py (graine 20260928)
FXGAM,2020-12-31,2021-02-14,EUR,1000000000,32258065,810966123,580606805,392054212,515728130,361009691,DEMO_FICTIF - généré par tools/generate_demo_data.py (graine 20260928)
FXGAM,2021-03-31,2021-05-15,EUR,996216895,32258065,807402008,609641681,393010013,491287349,343901144,DEMO_FICTIF - généré par tools/generate_demo_data.py (graine 20260928)
FXGAM,2021-06-30,2021-08-14,EUR,1202159330,32258065,957518549,723337107,476897603,566194012,396335808,DEMO_FICTIF - généré par tools/generate_demo_data.py (graine 20260928)
FXGAM,2021-09-30,2021-11-14,EUR,1048654308,32258065,860135187,616439001,423402236,546616160,382631312,DEMO_FICTIF - généré par tools/generate_demo_data.py (graine 20260928)
FXGAM,2021-12-31,2022-02-14,EUR,938222321,32258065,765993756,592385972,358231400,442703794,309892656,DEMO_FICTIF - généré par tools/generate_demo_data.py (graine 20260928)
FXGAM,2022-03-31,2022-05-15,EUR,665864190,32258065,531074388,401225482,255256518,331670939,232169657,DEMO_FICTIF - généré par tools/generate_demo_data.py (graine 20260928)
FXGAM,2022-06-30,2022-08-14,EUR,518071715,32258065,409040470,319242983,214982578,247228052,173059636,DEMO_FICTIF - généré par tools/generate_demo_data.py (graine 20260928)
FXGAM,2022-09-30,2022-11-14,EUR,493327985,32258065,399050493,291885387,192683555,243048824,170134177,DEMO_FICTIF - généré par tools/generate_demo_data.py (graine 20260928)
FXGAM,2022-12-31,2023-02-14,EUR,500631413,32258065,421722114,288647036,206919710,248161378,173712964,DEMO_FICTIF - généré par tools/generate_demo_data.py (graine 20260928)
FXGAM,2023-03-31,2023-05-15,EUR,479669799,32258065,388605757,293728084,195284197,242917240,170042068,DEMO_FICTIF - généré par tools/generate_demo_data.py (graine 20260928)
FXGAM,2023-06-30,2023-08-14,EUR,416007595,32258065,350008536,245929048,162213700,202205381,141543767,DEMO_FICTIF - généré par tools/generate_demo_data.py (graine 20260928)
FXGAM,2023-09-30,2023-11-14,EUR,439714405,32258065,373118925,267442530,179783898,225288910,157702237,DEMO_FICTIF - généré par tools/generate_demo_data.py (graine 20260928)
FXGAM,2023-12-31,2024-02-14,EUR,318987227,32258065,254167595,188207929,127981047,155135818,108595073,DEMO_FICTIF - généré par tools/generate_demo_data.py (graine 20260928)
FXGAM,2024-03-31,2024-05-15,EUR,435199092,32258065,337347552,255304694,162650359,212474838,148732387,DEMO_FICTIF - généré par tools/generate_demo_data.py (graine 20260928)
FXGAM,2024-06-30,2024-08-14,EUR,515259297,32258065,415939420,316392972,206238200,253380853,177366597,DEMO_FICTIF - généré par tools/generate_demo_data.py (graine 20260928)
FXGAM,2024-09-30,2024-11-14,EUR,531804420,32258065,423647568,323726881,210092139,272483060,190738142,DEMO_FICTIF - généré par tools/generate_demo_data.py (graine 20260928)
FXGAM,2024-12-31,2025-02-14,EUR,581453838,32258065,486679561,355634697,230233456,299705526,209793868,DEMO_FICTIF - généré par tools/generate_demo_data.py (graine 20260928)
FXGAM,2025-03-31,2025-05-15,EUR,659871221,32258065,526533130,372732972,264516448,322593031,225815122,DEMO_FICTIF - généré par tools/generate_demo_data.py (graine 20260928)
FXGAM,2025-06-30,2025-08-14,EUR,582868501,32258065,467225301,342069617,227830719,295994500,207196150,DEMO_FICTIF - généré par tools/generate_demo_data.py (graine 20260928)
FXGAM,2025-09-30,2025-11-14,EUR,747669182,32258065,588991913,458472372,277405534,360055267,252038687,DEMO_FICTIF - généré par tools/generate_demo_data.py (graine 20260928)
FXDEL,2020-09-30,2020-11-14,EUR,1000000000,18518519,786884073,98468741,52619826,515595002,0,DEMO_FICTIF - généré par tools/generate_demo_data.py (graine 20260928)
FXDEL,2020-12-31,2021-02-14,EUR,1000000000,18518519,767551321,102840288,49818346,480463896,0,DEMO_FICTIF - généré par tools/generate_demo_data.py (graine 20260928)
FXDEL,2021-03-31,2021-05-15,EUR,939914642,18518519,759231303,94601244,46284156,460894855,0,DEMO_FICTIF - généré par tools/generate_demo_data.py (graine 20260928)
FXDEL,2021-06-30,2021-08-14,EUR,1009237673,18518519,827711009,106623221,52194617,494440317,0,DEMO_FICTIF - généré par tools/generate_demo_data.py (graine 20260928)
FXDEL,2021-09-30,2021-11-14,EUR,925266890,18518519,745564464,95946397,43743774,439940824,0,DEMO_FICTIF - généré par tools/generate_demo_data.py (graine 20260928)
FXDEL,2021-12-31,2022-02-14,EUR,938600955,18518519,768463067,88909934,48656729,481651271,0,DEMO_FICTIF - généré par tools/generate_demo_data.py (graine 20260928)
FXDEL,2022-03-31,2022-05-15,EUR,732499298,18518519,581020226,70157950,35855198,367567396,0,DEMO_FICTIF - généré par tools/generate_demo_data.py (graine 20260928)
FXDEL,2022-06-30,2022-08-14,EUR,674820419,18518519,510820407,69088116,37058505,343304533,0,DEMO_FICTIF - généré par tools/generate_demo_data.py (graine 20260928)
FXDEL,2022-09-30,2022-11-14,EUR,686451671,18518519,557918875,68795769,34582071,342574783,0,DEMO_FICTIF - généré par tools/generate_demo_data.py (graine 20260928)
FXDEL,2022-12-31,2023-02-14,EUR,701598896,18518519,557302455,69693936,35389454,357665343,0,DEMO_FICTIF - généré par tools/generate_demo_data.py (graine 20260928)
FXDEL,2023-03-31,2023-05-15,EUR,722922689,18518519,560441658,72143558,38653614,362745405,0,DEMO_FICTIF - généré par tools/generate_demo_data.py (graine 20260928)
FXDEL,2023-06-30,2023-08-14,EUR,798293093,18518519,639974785,80355929,39236714,381995807,0,DEMO_FICTIF - généré par tools/generate_demo_data.py (graine 20260928)
FXDEL,2023-09-30,2023-11-14,EUR,801463848,18518519,629143464,86216496,39715598,417315866,0,DEMO_FICTIF - généré par tools/generate_demo_data.py (graine 20260928)
FXDEL,2023-12-31,2024-02-14,EUR,652340584,18518519,520190398,63981580,31552143,315544396,0,DEMO_FICTIF - généré par tools/generate_demo_data.py (graine 20260928)
FXDEL,2024-03-31,2024-05-15,EUR,754539989,18518519,573952789,74385946,35443475,392753771,0,DEMO_FICTIF - généré par tools/generate_demo_data.py (graine 20260928)
FXDEL,2024-06-30,2024-08-14,EUR,811893744,18518519,654964403,82369495,39256267,393305708,0,DEMO_FICTIF - généré par tools/generate_demo_data.py (graine 20260928)
FXDEL,2024-09-30,2024-11-14,EUR,703172029,18518519,550475048,66919168,34415501,340750303,0,DEMO_FICTIF - généré par tools/generate_demo_data.py (graine 20260928)
FXDEL,2024-12-31,2025-02-14,EUR,832923601,18518519,688382777,84773790,41556697,436998132,0,DEMO_FICTIF - généré par tools/generate_demo_data.py (graine 20260928)
FXDEL,2025-03-31,2025-05-15,EUR,986663563,18518519,760489209,96190793,50132011,493814549,0,DEMO_FICTIF - généré par tools/generate_demo_data.py (graine 20260928)
FXDEL,2025-06-30,2025-08-14,EUR,919589915,18518519,727413744,92204097,46485489,428046735,0,DEMO_FICTIF - généré par tools/generate_demo_data.py (graine 20260928)
FXDEL,2025-09-30,2025-11-14,EUR,999234179,18518519,831139101,101380830,51154718,493409183,0,DEMO_FICTIF - généré par tools/generate_demo_data.py (graine 20260928)
FXEPS,2020-09-30,2020-11-14,EUR,1000000000,81967213,816986125,465358952,39308699,502634514,0,DEMO_FICTIF - généré par tools/generate_demo_data.py (graine 20260928)
FXEPS,2020-12-31,2021-02-14,EUR,1000000000,81967213,778839876,460941641,40226551,494877220,0,DEMO_FICTIF - généré par tools/generate_demo_data.py (graine 20260928)
FXEPS,2021-03-31,2021-05-15,EUR,937242324,81967213,735937158,424835102,37518810,493533214,0,DEMO_FICTIF - généré par tools/generate_demo_data.py (graine 20260928)
FXEPS,2021-06-30,2021-08-14,EUR,1038190847,81967213,781736153,476628547,42235683,528507674,0,DEMO_FICTIF - généré par tools/generate_demo_data.py (graine 20260928)
FXEPS,2021-09-30,2021-11-14,EUR,919429358,81967213,710158435,427656321,35505992,462837923,0,DEMO_FICTIF - généré par tools/generate_demo_data.py (graine 20260928)
FXEPS,2021-12-31,2022-02-14,EUR,816449876,81967213,644372225,367226229,32326099,396837103,0,DEMO_FICTIF - généré par tools/generate_demo_data.py (graine 20260928)
FXEPS,2022-03-31,2022-05-15,EUR,568899965,81967213,445471457,260562396,23828331,287277926,0,DEMO_FICTIF - généré par tools/generate_demo_data.py (graine 20260928)
FXEPS,2022-06-30,2022-08-14,EUR,548407236,81967213,449876577,262460934,22968417,278652114,0,DEMO_FICTIF - généré par tools/generate_demo_data.py (graine 20260928)
FXEPS,2022-09-30,2022-11-14,EUR,497499712,81967213,413339224,211449365,18822843,243614923,0,DEMO_FICTIF - généré par tools/generate_demo_data.py (graine 20260928)
FXEPS,2022-12-31,2023-02-14,EUR,441598348,81967213,346723599,189043466,17464017,214855017,0,DEMO_FICTIF - généré par tools/generate_demo_data.py (graine 20260928)
FXEPS,2023-03-31,2023-05-15,EUR,419453184,81967213,350297917,181878007,16709941,206200094,0,DEMO_FICTIF - généré par tools/generate_demo_data.py (graine 20260928)
FXEPS,2023-06-30,2023-08-14,EUR,375422390,81967213,294134922,165906947,14946080,183798714,0,DEMO_FICTIF - généré par tools/generate_demo_data.py (graine 20260928)
FXEPS,2023-09-30,2023-11-14,EUR,430510507,81967213,360737154,195138104,16859221,205424801,0,DEMO_FICTIF - généré par tools/generate_demo_data.py (graine 20260928)
FXEPS,2023-12-31,2024-02-14,EUR,319943330,81967213,251150745,152812736,12355510,168412220,0,DEMO_FICTIF - généré par tools/generate_demo_data.py (graine 20260928)
FXEPS,2024-03-31,2024-05-15,EUR,344207673,81967213,288429784,152114624,13407001,168817551,0,DEMO_FICTIF - généré par tools/generate_demo_data.py (graine 20260928)
FXEPS,2024-06-30,2024-08-14,EUR,377212038,81967213,302622754,167867884,16031764,189253154,0,DEMO_FICTIF - généré par tools/generate_demo_data.py (graine 20260928)
FXEPS,2024-09-30,2024-11-14,EUR,334615880,81967213,271165734,155100471,13773287,162771741,0,DEMO_FICTIF - généré par tools/generate_demo_data.py (graine 20260928)
FXEPS,2024-12-31,2025-02-14,EUR,441340563,81967213,355322551,196761996,18247584,226782276,0,DEMO_FICTIF - généré par tools/generate_demo_data.py (graine 20260928)
FXEPS,2025-03-31,2025-05-15,EUR,469136276,81967213,384693439,210985602,17859526,246582109,0,DEMO_FICTIF - généré par tools/generate_demo_data.py (graine 20260928)
FXEPS,2025-06-30,2025-08-14,EUR,488472679,81967213,393715931,218507761,20752281,238619734,0,DEMO_FICTIF - généré par tools/generate_demo_data.py (graine 20260928)
FXEPS,2025-09-30,2025-11-14,EUR,504084013,81967213,409584541,218354086,20437098,252462506,0,DEMO_FICTIF - généré par tools/generate_demo_data.py (graine 20260928)
FXTHE,2020-09-30,2020-11-14,EUR,1000000000,21739130,804753025,97008790,48463635,519367849,0,DEMO_FICTIF - généré par tools/generate_demo_data.py (graine 20260928)
FXTHE,2020-12-31,2021-02-14,EUR,1000000000,21739130,829877511,100537616,51738247,509991254,0,DEMO_FICTIF - généré par tools/generate_demo_data.py (graine 20260928)
FXTHE,2021-03-31,2021-05-15,EUR,1071124609,21739130,838919147,104991721,54263150,532740204,0,DEMO_FICTIF - généré par tools/generate_demo_data.py (graine 20260928)
FXTHE,2021-06-30,2021-08-14,EUR,1061545805,21739130,845280785,106604496,55887803,531361575,0,DEMO_FICTIF - généré par tools/generate_demo_data.py (graine 20260928)
FXTHE,2021-09-30,2021-11-14,EUR,1097015266,21739130,903293750,105223618,55727744,566355703,0,DEMO_FICTIF - généré par tools/generate_demo_data.py (graine 20260928)
FXTHE,2021-12-31,2022-02-14,EUR,1051486464,21739130,813347874,102269999,52064972,510122832,0,DEMO_FICTIF - généré par tools/generate_demo_data.py (graine 20260928)
FXTHE,2022-03-31,2022-05-15,EUR,1011070379,21739130,801827096,101522513,51196805,528088737,0,DEMO_FICTIF - généré par tools/generate_demo_data.py (graine 20260928)
FXTHE,2022-06-30,2022-08-14,EUR,800048856,21739130,627914453,80874306,38484823,397551584,0,DEMO_FICTIF - généré par tools/generate_demo_data.py (graine 20260928)
FXTHE,2022-09-30,2022-11-14,EUR,739713004,21739130,624931669,72607922,37420798,363180780,0,DEMO_FICTIF - généré par tools/generate_demo_data.py (graine 20260928)
FXTHE,2022-12-31,2023-02-14,EUR,698754181,21739130,564091602,70928664,36754607,349830012,0,DEMO_FICTIF - généré par tools/generate_demo_data.py (graine 20260928)
FXTHE,2023-03-31,2023-05-15,EUR,666225751,21739130,520808140,65874291,36002818,316479693,0,DEMO_FICTIF - généré par tools/generate_demo_data.py (graine 20260928)
FXTHE,2023-06-30,2023-08-14,EUR,800512459,21739130,651405732,76354313,39056590,395731845,0,DEMO_FICTIF - généré par tools/generate_demo_data.py (graine 20260928)
FXTHE,2023-09-30,2023-11-14,EUR,978763049,21739130,782435207,98829658,49082623,494679900,0,DEMO_FICTIF - généré par tools/generate_demo_data.py (graine 20260928)
FXTHE,2023-12-31,2024-02-14,EUR,809799570,21739130,650786345,85617189,39131665,398471386,0,DEMO_FICTIF - généré par tools/generate_demo_data.py (graine 20260928)
FXTHE,2024-03-31,2024-05-15,EUR,900432969,21739130,724560253,88635355,42334068,432261584,0,DEMO_FICTIF - généré par tools/generate_demo_data.py (graine 20260928)
FXTHE,2024-06-30,2024-08-14,EUR,860057964,21739130,669030062,87203354,42210426,420100256,0,DEMO_FICTIF - généré par tools/generate_demo_data.py (graine 20260928)
FXTHE,2024-09-30,2024-11-14,EUR,811491688,21739130,650014551,82159119,40299073,430427693,0,DEMO_FICTIF - généré par tools/generate_demo_data.py (graine 20260928)
FXTHE,2024-12-31,2025-02-14,EUR,896979092,21739130,705103835,90131196,47285262,462571451,0,DEMO_FICTIF - généré par tools/generate_demo_data.py (graine 20260928)
FXTHE,2025-03-31,2025-05-15,EUR,1039463849,21739130,797556165,105399384,53641079,546847081,0,DEMO_FICTIF - généré par tools/generate_demo_data.py (graine 20260928)
FXTHE,2025-06-30,2025-08-14,EUR,1184320927,21739130,918071048,116707482,57477641,578599811,0,DEMO_FICTIF - généré par tools/generate_demo_data.py (graine 20260928)
FXTHE,2025-09-30,2025-11-14,EUR,1234870619,21739130,990206965,124349219,62455847,612217257,0,DEMO_FICTIF - généré par tools/generate_demo_data.py (graine 20260928)
FXNU,2023-03-31,2023-05-15,EUR,1053245977,50000000,842596782,84259678,52662299,526622989,0,DEMO_FICTIF - généré par tools/generate_demo_data.py (graine 20260928)
FXNU,2023-06-30,2023-08-14,EUR,950001796,50000000,760001437,76000144,47500090,475000898,0,DEMO_FICTIF - généré par tools/generate_demo_data.py (graine 20260928)
FXNU,2023-09-30,2023-11-14,EUR,1248977235,50000000,999181788,99918179,62448862,624488618,0,DEMO_FICTIF - généré par tools/generate_demo_data.py (graine 20260928)
FXNU,2023-12-31,2024-02-14,EUR,1247134061,50000000,997707249,99770725,62356703,623567030,0,DEMO_FICTIF - généré par tools/generate_demo_data.py (graine 20260928)
FXNU,2024-03-31,2024-05-15,EUR,1911046589,50000000,1528837271,152883727,95552329,955523294,0,DEMO_FICTIF - généré par tools/generate_demo_data.py (graine 20260928)
FXNU,2024-06-30,2024-08-14,EUR,1740476204,50000000,1392380963,139238096,87023810,870238102,0,DEMO_FICTIF - généré par tools/generate_demo_data.py (graine 20260928)
FXNU,2024-09-30,2024-11-14,EUR,1562693172,50000000,1250154537,125015454,78134659,781346586,0,DEMO_FICTIF - généré par tools/generate_demo_data.py (graine 20260928)
FXNU,2024-12-31,2025-02-14,EUR,1885437202,50000000,1508349761,150834976,94271860,942718601,0,DEMO_FICTIF - généré par tools/generate_demo_data.py (graine 20260928)
FXNU,2025-03-31,2025-05-15,EUR,2209853380,50000000,1767882704,176788270,110492669,1104926690,0,DEMO_FICTIF - généré par tools/generate_demo_data.py (graine 20260928)
FXNU,2025-06-30,2025-08-14,EUR,1737241115,50000000,1389792892,138979289,86862056,868620558,0,DEMO_FICTIF - généré par tools/generate_demo_data.py (graine 20260928)
FXNU,2025-09-30,2025-11-14,EUR,1814623693,50000000,1451698955,145169895,90731185,907311847,0,DEMO_FICTIF - généré par tools/generate_demo_data.py (graine 20260928)
FXMU,2021-03-31,2021-05-15,EUR,831112214,28571429,664889771,66488977,41555611,415556107,0,DEMO_FICTIF - généré par tools/generate_demo_data.py (graine 20260928)
FXMU,2021-06-30,2021-08-14,EUR,827284514,28571429,661827611,66182761,41364226,413642257,0,DEMO_FICTIF - généré par tools/generate_demo_data.py (graine 20260928)
FXMU,2021-09-30,2021-11-14,EUR,729493027,28571429,583594422,58359442,36474651,364746513,0,DEMO_FICTIF - généré par tools/generate_demo_data.py (graine 20260928)
FXMU,2021-12-31,2022-02-14,EUR,722889009,28571429,578311207,57831121,36144450,361444505,0,DEMO_FICTIF - généré par tools/generate_demo_data.py (graine 20260928)
FXMU,2022-03-31,2022-05-15,EUR,486892714,28571429,389514171,38951417,24344636,243446357,0,DEMO_FICTIF - généré par tools/generate_demo_data.py (graine 20260928)
FXMU,2022-06-30,2022-08-14,EUR,375215342,28571429,300172274,30017227,18760767,187607671,0,DEMO_FICTIF - généré par tools/generate_demo_data.py (graine 20260928)
FXMU,2022-09-30,2022-11-14,EUR,271509769,28571429,217207815,21720781,13575488,135754884,0,DEMO_FICTIF - généré par tools/generate_demo_data.py (graine 20260928)
FXMU,2022-12-31,2023-02-14,EUR,214688031,28571429,171750425,17175042,10734402,107344015,0,DEMO_FICTIF - généré par tools/generate_demo_data.py (graine 20260928)
FXMU,2023-03-31,2023-05-15,EUR,252681708,28571429,202145367,20214537,12634085,126340854,0,DEMO_FICTIF - généré par tools/generate_demo_data.py (graine 20260928)
FXMU,2023-06-30,2023-08-14,EUR,268905992,28571429,215124793,21512479,13445300,134452996,0,DEMO_FICTIF - généré par tools/generate_demo_data.py (graine 20260928)
FXMU,2023-09-30,2023-11-14,EUR,306741117,28571429,245392894,24539289,15337056,153370559,0,DEMO_FICTIF - généré par tools/generate_demo_data.py (graine 20260928)
FXMU,2023-12-31,2024-02-14,EUR,227289314,28571429,181831451,18183145,11364466,113644657,0,DEMO_FICTIF - généré par tools/generate_demo_data.py (graine 20260928)
FXMU,2024-03-31,2024-05-15,EUR,232281919,28571429,185825535,18582554,11614096,116140959,0,DEMO_FICTIF - généré par tools/generate_demo_data.py (graine 20260928)
