ticker,name,instrument_type,country,currency,activity_codes,activity_description,activity_as_of,activity_source
FXALP,Alpha Logiciels (fictif),ACTION,XX,EUR,SOFTWARE,Éditeur de logiciels de gestion,2021-01-01,DEMO_FICTIF - généré par tools/generate_demo_data.py (graine 20260928)
FXBET,Beta Santé (fictif),ACTION,XX,EUR,HEALTHCARE,Fabricant de dispositifs médicaux,2021-01-01,DEMO_FICTIF - généré par tools/generate_demo_data.py (graine 20260928)
FXIOT,Iota Matériaux (fictif),ACTION,XX,EUR,INDUSTRIALS,Matériaux de construction,2021-01-01,DEMO_FICTIF - généré par tools/generate_demo_data.py (graine 20260928)
FXLAM,Lambda Transport (fictif),ACTION,XX,EUR,TRANSPORT,Transport routier de marchandises,2021-01-01,DEMO_FICTIF - généré par tools/generate_demo_data.py (graine 20260928)
FXKAP,Kappa Télécom (fictif),ACTION,XX,EUR,TELECOM,Opérateur de télécommunications,2021-01-01,DEMO_FICTIF - généré par tools/generate_demo_data.py (graine 20260928)
FXOME,Omega Distribution (fictif),ACTION,XX,EUR,RETAIL,Grande distribution alimentaire,2021-01-01,DEMO_FICTIF - généré par tools/generate_demo_data.py (graine 20260928)
FXSIG,Sigma Chimie (fictif),ACTION,XX,EUR,CHEMICALS,Chimie de spécialité,2021-01-01,DEMO_FICTIF - généré par tools/generate_demo_data.py (graine 20260928)
FXGAM,Banque Gamma (fictif),ACTION,XX,EUR,CONVENTIONAL_BANKING,Banque de détail à intérêts,2021-01-01,DEMO_FICTIF - généré par tools/generate_demo_data.py (graine 20260928)
FXDEL,Delta Brasserie (fictif),ACTION,XX,EUR,ALCOHOL,Production de bière,2021-01-01,DEMO_FICTIF - généré par tools/generate_demo_data.py (graine 20260928)
FXEPS,Epsilon Industrie (fictif),ACTION,XX,EUR,INDUSTRIALS,"Machines-outils, fortement endettée",2021-01-01,DEMO_FICTIF - généré par tools/generate_demo_data.py (graine 20260928)
FXETA,Eta Énergie (fictif),ACTION,XX,EUR,ENERGY,Production d'électricité (aucune donnée financière fournie),2021-01-01,DEMO_FICTIF - généré par tools/generate_demo_data.py (graine 20260928)
FXTHE,Theta Tabac (fictif),ACTION,XX,EUR,TOBACCO,Fabrication de cigarettes,2021-01-01,DEMO_FICTIF - généré par tools/generate_demo_data.py (graine 20260928)
FXOBL,Obligation Omicron 2030 (fictif),OBLIGATION_CONVENTIONNELLE,XX,EUR,CONVENTIONAL_BANKING,Obligation à coupon d'intérêt,2021-01-01,DEMO_FICTIF - généré par tools/generate_demo_data.py (graine 20260928)
