doc_id,issuer_id,doc_type,accession_number,url,local_copy,local_sha256,period_end,accepted_at,public_available_at,retrieved_at,version,amends_doc_id
0000320193-0000320193-26-000020,0000320193,10-Q,0000320193-26-000020,https://www.sec.gov/Archives/edgar/data/320193/000032019326000020/aapl-20260627.htm,,,2026-06-27,2026-07-31T10:01:02.000+00:00,,2026-09-28T10:50:07+00:00,original,
0000320193-0000320193-26-000013,0000320193,10-Q,0000320193-26-000013,https://www.sec.gov/Archives/edgar/data/320193/000032019326000013/aapl-20260328.htm,,,2026-03-28,2026-05-01T10:01:00.000+00:00,,2026-09-28T10:50:07+00:00,original,
0000320193-0000320193-26-000006,0000320193,10-Q,0000320193-26-000006,https://www.sec.gov/Archives/edgar/data/320193/000032019326000006/aapl-20251227.htm,,,2025-12-27,2026-01-30T11:01:32.000+00:00,,2026-09-28T10:50:07+00:00,original,
0000320193-0000320193-25-000079,0000320193,10-K,0000320193-25-000079,https://www.sec.gov/Archives/edgar/data/320193/000032019325000079/aapl-20250927.htm,,,2025-09-27,2025-10-31T10:01:26.000+00:00,,2026-09-28T10:50:07+00:00,original,
0000320193-0000320193-25-000073,0000320193,10-Q,0000320193-25-000073,https://www.sec.gov/Archives/edgar/data/320193/000032019325000073/aapl-20250628.htm,,,2025-06-28,2025-08-01T10:00:42.000+00:00,,2026-09-28T10:50:07+00:00,original,
0000320193-0000320193-25-000057,0000320193,10-Q,0000320193-25-000057,https://www.sec.gov/Archives/edgar/data/320193/000032019325000057/aapl-20250329.htm,,,2025-03-29,2025-05-02T10:00:46.000+00:00,,2026-09-28T10:50:07+00:00,original,
0000320193-0000320193-25-000008,0000320193,10-Q,0000320193-25-000008,https://www.sec.gov/Archives/edgar/data/320193/000032019325000008/aapl-20241228.htm,,,2024-12-28,2025-01-31T11:01:27.000+00:00,,2026-09-28T10:50:07+00:00,original,
0000320193-0000320193-24-000123,0000320193,10-K,0000320193-24-000123,https://www.sec.gov/Archives/edgar/data/320193/000032019324000123/aapl-20240928.htm,,,2024-09-28,2024-11-01T10:01:36.000+00:00,,2026-09-28T10:50:07+00:00,original,
0000320193-0000320193-24-000081,0000320193,10-Q,0000320193-24-000081,https://www.sec.gov/Archives/edgar/data/320193/000032019324000081/aapl-20240629.htm,,,2024-06-29,2024-08-01T22:03:34.000+00:00,,2026-09-28T10:50:07+00:00,original,
0000320193-0000320193-24-000069,0000320193,10-Q,0000320193-24-000069,https://www.sec.gov/Archives/edgar/data/320193/000032019324000069/aapl-20240330.htm,,,2024-03-30,2024-05-02T22:04:25.000+00:00,,2026-09-28T10:50:07+00:00,original,
0000320193-0000320193-24-000006,0000320193,10-Q,0000320193-24-000006,https://www.sec.gov/Archives/edgar/data/320193/000032019324000006/aapl-20231230.htm,,,2023-12-30,2024-02-01T23:03:38.000+00:00,,2026-09-28T10:50:07+00:00,original,
0000320193-0000320193-23-000106,0000320193,10-K,0000320193-23-000106,https://www.sec.gov/Archives/edgar/data/320193/000032019323000106/aapl-20230930.htm,,,2023-09-30,2023-11-02T22:08:27.000+00:00,,2026-09-28T10:50:07+00:00,original,
0000320193-0000320193-23-000077,0000320193,10-Q,0000320193-23-000077,https://www.sec.gov/Archives/edgar/data/320193/000032019323000077/aapl-20230701.htm,,,2023-07-01,2023-08-03T22:04:43.000+00:00,,2026-09-28T10:50:07+00:00,original,
0000320193-0000320193-23-000064,0000320193,10-Q,0000320193-23-000064,https://www.sec.gov/Archives/edgar/data/320193/000032019323000064/aapl-20230401.htm,,,2023-04-01,2023-05-04T22:03:52.000+00:00,,2026-09-28T10:50:07+00:00,original,
0000320193-0000320193-23-000006,0000320193,10-Q,0000320193-23-000006,https://www.sec.gov/Archives/edgar/data/320193/000032019323000006/aapl-20221231.htm,,,2022-12-31,2023-02-02T23:01:30.000+00:00,,2026-09-28T10:50:07+00:00,original,
0000320193-0000320193-22-000108,0000320193,10-K,0000320193-22-000108,https://www.sec.gov/Archives/edgar/data/320193/000032019322000108/aapl-20220924.htm,,,2022-09-24,2022-10-27T22:01:14.000+00:00,,2026-09-28T10:50:07+00:00,original,
0000320193-0000320193-22-000070,0000320193,10-Q,0000320193-22-000070,https://www.sec.gov/Archives/edgar/data/320193/000032019322000070/aapl-20220625.htm,,,2022-06-25,2022-07-28T22:06:56.000+00:00,,2026-09-28T10:50:07+00:00,original,
0000320193-0000320193-22-000059,0000320193,10-Q,0000320193-22-000059,https://www.sec.gov/Archives/edgar/data/320193/000032019322000059/aapl-20220326.htm,,,2022-03-26,2022-04-28T22:03:58.000+00:00,,2026-09-28T10:50:07+00:00,original,
0000320193-0000320193-22-000007,0000320193,10-Q,0000320193-22-000007,https://www.sec.gov/Archives/edgar/data/320193/000032019322000007/aapl-20211225.htm,,,2021-12-25,2022-01-27T23:00:58.000+00:00,,2026-09-28T10:50:07+00:00,original,
0000320193-0000320193-21-000105,0000320193,10-K,0000320193-21-000105,https://www.sec.gov/Archives/edgar/data/320193/000032019321000105/aapl-20210925.htm,,,2021-09-25,2021-10-28T22:04:28.000+00:00,,2026-09-28T10:50:07+00:00,original,
0000320193-0000320193-21-000065,0000320193,10-Q,0000320193-21-000065,https://www.sec.gov/Archives/edgar/data/320193/000032019321000065/aapl-20210626.htm,,,2021-06-26,2021-07-27T22:03:42.000+00:00,,2026-09-28T10:50:07+00:00,original,
0000320193-0000320193-21-000056,0000320193,10-Q,0000320193-21-000056,https://www.sec.gov/Archives/edgar/data/320193/000032019321000056/aapl-20210327.htm,,,2021-03-27,2021-04-28T22:02:54.000+00:00,,2026-09-28T10:50:07+00:00,original,
0000320193-0000320193-21-000010,0000320193,10-Q,0000320193-21-000010,https://www.sec.gov/Archives/edgar/data/320193/000032019321000010/aapl-20201226.htm,,,2020-12-26,2021-01-27T23:03:06.000+00:00,,2026-09-28T10:50:07+00:00,original,
0000320193-0000320193-20-000096,0000320193,10-K,0000320193-20-000096,https://www.sec.gov/Archives/edgar/data/320193/000032019320000096/aapl-20200926.htm,,,2020-09-26,2020-10-29T22:06:25.000+00:00,,2026-09-28T10:50:07+00:00,original,
0000320193-0000320193-20-000062,0000320193,10-Q,0000320193-20-000062,https://www.sec.gov/Archives/edgar/data/320193/000032019320000062/aapl-20200627.htm,,,2020-06-27,2020-07-30T23:29:09.000+00:00,,2026-09-28T10:50:07+00:00,original,
0000320193-0000320193-20-000052,0000320193,10-Q,0000320193-20-000052,https://www.sec.gov/Archives/edgar/data/320193/000032019320000052/a10-qq220203282020.htm,,,2020-03-28,2020-04-30T22:03:10.000+00:00,,2026-09-28T10:50:07+00:00,original,
0000320193-0000320193-20-000010,0000320193,10-Q,0000320193-20-000010,https://www.sec.gov/Archives/edgar/data/320193/000032019320000010/a10-qq1202012282019.htm,,,2019-12-28,2020-01-28T23:02:44.000+00:00,,2026-09-28T10:50:07+00:00,original,
0000320193-0000320193-19-000119,0000320193,10-K,0000320193-19-000119,https://www.sec.gov/Archives/edgar/data/320193/000032019319000119/a10-k20199282019.htm,,,2019-09-28,2019-10-30T22:12:36.000+00:00,,2026-09-28T10:50:07+00:00,original,
0000320193-0000320193-19-000076,0000320193,10-Q,0000320193-19-000076,https://www.sec.gov/Archives/edgar/data/320193/000032019319000076/a10-qq320196292019.htm,,,2019-06-29,2019-07-31T20:31:53.000+00:00,,2026-09-28T10:50:07+00:00,original,
0000320193-0000320193-19-000066,0000320193,10-Q,0000320193-19-000066,https://www.sec.gov/Archives/edgar/data/320193/000032019319000066/a10-qq220193302019.htm,,,2019-03-30,2019-05-01T20:32:00.000+00:00,,2026-09-28T10:50:07+00:00,original,
0000320193-0000320193-19-000010,0000320193,10-Q,0000320193-19-000010,https://www.sec.gov/Archives/edgar/data/320193/000032019319000010/a10-qq1201912292018.htm,,,2018-12-29,2019-01-30T21:31:37.000+00:00,,2026-09-28T10:50:07+00:00,original,
0000320193-0000320193-18-000145,0000320193,10-K,0000320193-18-000145,https://www.sec.gov/Archives/edgar/data/320193/000032019318000145/a10-k20189292018.htm,,,2018-09-29,2018-11-05T13:01:40.000+00:00,,2026-09-28T10:50:07+00:00,original,
0000320193-0000320193-18-000100,0000320193,10-Q,0000320193-18-000100,https://www.sec.gov/Archives/edgar/data/320193/000032019318000100/a10-qq320186302018.htm,,,2018-06-30,2018-08-01T20:31:48.000+00:00,,2026-09-28T10:50:07+00:00,original,
0000320193-0000320193-18-000070,0000320193,10-Q,0000320193-18-000070,https://www.sec.gov/Archives/edgar/data/320193/000032019318000070/a10-qq220183312018.htm,,,2018-03-31,2018-05-02T20:32:12.000+00:00,,2026-09-28T10:50:07+00:00,original,
0000320193-0000320193-18-000007,0000320193,10-Q,0000320193-18-000007,https://www.sec.gov/Archives/edgar/data/320193/000032019318000007/a10-qq1201812302017.htm,,,2017-12-30,2018-02-02T13:01:26.000+00:00,,2026-09-28T10:50:07+00:00,original,
0000320193-0000320193-17-000070,0000320193,10-K,0000320193-17-000070,https://www.sec.gov/Archives/edgar/data/320193/000032019317000070/a10-k20179302017.htm,,,2017-09-30,2017-11-03T12:01:37.000+00:00,,2026-09-28T10:50:07+00:00,original,
0000320193-0000320193-17-000009,0000320193,10-Q,0000320193-17-000009,https://www.sec.gov/Archives/edgar/data/320193/000032019317000009/a10-qq32017712017.htm,,,2017-07-01,2017-08-02T20:31:28.000+00:00,,2026-09-28T10:50:07+00:00,original,
0000320193-0001628280-17-004790,0000320193,10-Q,0001628280-17-004790,https://www.sec.gov/Archives/edgar/data/320193/000162828017004790/a10-qq22017412017.htm,,,2017-04-01,2017-05-03T20:32:23.000+00:00,,2026-09-28T10:50:07+00:00,original,
0000320193-0001628280-17-000717,0000320193,10-Q,0001628280-17-000717,https://www.sec.gov/Archives/edgar/data/320193/000162828017000717/a10-qq1201712312016.htm,,,2016-12-31,2017-02-01T21:33:29.000+00:00,,2026-09-28T10:50:07+00:00,original,
0000320193-0001628280-16-020309,0000320193,10-K,0001628280-16-020309,https://www.sec.gov/Archives/edgar/data/320193/000162828016020309/a201610-k9242016.htm,,,2016-09-24,2016-10-26T20:42:16.000+00:00,,2026-09-28T10:50:07+00:00,original,
0000320193-0001628280-16-017809,0000320193,10-Q,0001628280-16-017809,https://www.sec.gov/Archives/edgar/data/320193/000162828016017809/a10-qq320166252016.htm,,,2016-06-25,2016-07-27T20:32:36.000+00:00,,2026-09-28T10:50:07+00:00,original,
0000320193-0001193125-16-559625,0000320193,10-Q,0001193125-16-559625,https://www.sec.gov/Archives/edgar/data/320193/000119312516559625/d165350d10q.htm,,,2016-03-26,2016-04-27T20:32:53.000+00:00,,2026-09-28T10:50:07+00:00,original,
0000320193-0001193125-16-439878,0000320193,10-Q,0001193125-16-439878,https://www.sec.gov/Archives/edgar/data/320193/000119312516439878/d66145d10q.htm,,,2015-12-26,2016-01-27T21:32:03.000+00:00,,2026-09-28T10:50:07+00:00,original,
0000320193-0001193125-15-356351,0000320193,10-K,0001193125-15-356351,https://www.sec.gov/Archives/edgar/data/320193/000119312515356351/d17062d10k.htm,,,2015-09-26,2015-10-28T20:31:09.000+00:00,,2026-09-28T10:50:07+00:00,original,
