fact_id,doc_id,regle,source_concept,normalized_concept,source_unit,period_start,period_end,raw_value,source_pointer,entry_sha256
0000320193-0000320193-17-000009-us-gaap:Assets-USD--2016-09-24,0000320193-0000320193-17-000009,R2,us-gaap:Assets,total_assets,USD,,2016-09-24,321686000000,facts/us-gaap/Assets/units/USD/70,76d628a09018d67404aa8c50e13f185c147e427ad80900ed877008085dd94aee
0000320193-0000320193-17-000009-us-gaap:Assets-USD--2017-07-01,0000320193-0000320193-17-000009,R2,us-gaap:Assets,total_assets,USD,,2017-07-01,345173000000,facts/us-gaap/Assets/units/USD/74,f39b765deed0ea323ee11f0bda96c13df15e3eb8eade91e126b4c8157e5eab1b
0000320193-0000320193-17-000070-us-gaap:Assets-USD--2016-09-24,0000320193-0000320193-17-000070,R2,us-gaap:Assets,total_assets,USD,,2016-09-24,321686000000,facts/us-gaap/Assets/units/USD/71,bcaed1614c36695156e3b68fb5c4b9ef6ee093dadc8297c91ec7f57af1d8c307
0000320193-0000320193-17-000070-us-gaap:Assets-USD--2017-09-30,0000320193-0000320193-17-000070,R2,us-gaap:Assets,total_assets,USD,,2017-09-30,375319000000,facts/us-gaap/Assets/units/USD/75,2738cd8e56ffe3a9b85aa2281c183a26231bcbfbaa215c81a663c9162b91870b
0000320193-0000320193-18-000007-us-gaap:Assets-USD--2017-09-30,0000320193-0000320193-18-000007,R2,us-gaap:Assets,total_assets,USD,,2017-09-30,375319000000,facts/us-gaap/Assets/units/USD/76,90bb4555d7d29f7757c17a045e83e2a4cf4551e405cddeed12a5ee6447ac363e
0000320193-0000320193-18-000007-us-gaap:Assets-USD--2017-12-30,0000320193-0000320193-18-000007,R2,us-gaap:Assets,total_assets,USD,,2017-12-30,406794000000,facts/us-gaap/Assets/units/USD/80,558e2ddba55e030c7740d0b60aae568af4bc5a55243602316267826701965659
0000320193-0000320193-18-000070-us-gaap:Assets-USD--2017-09-30,0000320193-0000320193-18-000070,R2,us-gaap:Assets,total_assets,USD,,2017-09-30,375319000000,facts/us-gaap/Assets/units/USD/77,8039e453edd9514f5fbc5970f2321ba6a9b05c76c727f5774031b396061abfa7
0000320193-0000320193-18-000070-us-gaap:Assets-USD--2018-03-31,0000320193-0000320193-18-000070,R2,us-gaap:Assets,total_assets,USD,,2018-03-31,367502000000,facts/us-gaap/Assets/units/USD/81,f16b9a9ccb4d8036e4292b96fb64862e2b5967a57348249813ca9d52fd48de98
0000320193-0000320193-18-000100-us-gaap:Assets-USD--2017-09-30,0000320193-0000320193-18-000100,R2,us-gaap:Assets,total_assets,USD,,2017-09-30,375319000000,facts/us-gaap/Assets/units/USD/78,57dbbc376f474abc7d2b1eab0f9d83db5c935755bfa2f63c6d037479ef466f1a
0000320193-0000320193-18-000100-us-gaap:Assets-USD--2018-06-30,0000320193-0000320193-18-000100,R2,us-gaap:Assets,total_assets,USD,,2018-06-30,349197000000,facts/us-gaap/Assets/units/USD/82,680c5b3e090c1721b0df9f33bcd1a62bcac49f10064c8de46a22ac35cee1d13a
0000320193-0000320193-18-000145-us-gaap:Assets-USD--2017-09-30,0000320193-0000320193-18-000145,R2,us-gaap:Assets,total_assets,USD,,2017-09-30,375319000000,facts/us-gaap/Assets/units/USD/79,27d9a4cb53391ebc6de945391aae005dd63eb0b4d054de0926efa34529ef3d67
0000320193-0000320193-18-000145-us-gaap:Assets-USD--2018-09-29,0000320193-0000320193-18-000145,R2,us-gaap:Assets,total_assets,USD,,2018-09-29,365725000000,facts/us-gaap/Assets/units/USD/83,8be4eeb9976e1ec36a0054ecb373a042554672e3fe615b3fa4151e521d8fc785
0000320193-0000320193-18-000145-us-gaap:Revenues-USD-2015-09-27-2016-09-24,0000320193-0000320193-18-000145,R0,us-gaap:Revenues,total_revenue,USD,2015-09-27,2016-09-24,215639000000,facts/us-gaap/Revenues/units/USD/0,f1200647460e545ae3e14435707c92a27ba5446e8c69e76fb17eb18b1f85a1a4
0000320193-0000320193-18-000145-us-gaap:Revenues-USD-2016-09-25-2016-12-31,0000320193-0000320193-18-000145,R0,us-gaap:Revenues,total_revenue,USD,2016-09-25,2016-12-31,78351000000,facts/us-gaap/Revenues/units/USD/1,67370eb82ef18871a98e1173e45da3a3ff5d0e387159f63e0e1a6e9f28de445e
0000320193-0000320193-18-000145-us-gaap:Revenues-USD-2016-09-25-2017-09-30,0000320193-0000320193-18-000145,R0,us-gaap:Revenues,total_revenue,USD,2016-09-25,2017-09-30,229234000000,facts/us-gaap/Revenues/units/USD/4,7c7b5681c14183146c1a35651a8ddf42633c263b3094fe431c4802a6ac14e741
0000320193-0000320193-18-000145-us-gaap:Revenues-USD-2017-01-01-2017-04-01,0000320193-0000320193-18-000145,R0,us-gaap:Revenues,total_revenue,USD,2017-01-01,2017-04-01,52896000000,facts/us-gaap/Revenues/units/USD/2,f14e8bc0c63110f88b9e45218aa631e8d1409f09d0935798187da0c630c76195
0000320193-0000320193-18-000145-us-gaap:Revenues-USD-2017-04-02-2017-07-01,0000320193-0000320193-18-000145,R0,us-gaap:Revenues,total_revenue,USD,2017-04-02,2017-07-01,45408000000,facts/us-gaap/Revenues/units/USD/3,c3687e2a198ee73eca32b43bd04268f2d380aa83e73b7073268a432157b17a0a
0000320193-0000320193-18-000145-us-gaap:Revenues-USD-2017-07-02-2017-09-30,0000320193-0000320193-18-000145,R0,us-gaap:Revenues,total_revenue,USD,2017-07-02,2017-09-30,52579000000,facts/us-gaap/Revenues/units/USD/5,af1536ded20fe417f64b0df1ee70ab7947bb2e17f6d6ebc213a8b7304eb9f131
0000320193-0000320193-18-000145-us-gaap:Revenues-USD-2017-10-01-2017-12-30,0000320193-0000320193-18-000145,R0,us-gaap:Revenues,total_revenue,USD,2017-10-01,2017-12-30,88293000000,facts/us-gaap/Revenues/units/USD/6,9eee35e903c86e16fe160b71763a3131df333eca684c2c223a0f8e5cc0c52a76
0000320193-0000320193-18-000145-us-gaap:Revenues-USD-2017-10-01-2018-09-29,0000320193-0000320193-18-000145,R0,us-gaap:Revenues,total_revenue,USD,2017-10-01,2018-09-29,265595000000,facts/us-gaap/Revenues/units/USD/9,f57330e7a1a2034e7d4c5a70190b8cfe48160095761616f8e5e30317b26ca0b6
0000320193-0000320193-18-000145-us-gaap:Revenues-USD-2017-12-31-2018-03-31,0000320193-0000320193-18-000145,R0,us-gaap:Revenues,total_revenue,USD,2017-12-31,2018-03-31,61137000000,facts/us-gaap/Revenues/units/USD/7,cf3a25c3c8c8f0787a678fe193bd71e8a28d2fc0f4b297ab0f478fec37e08b59
0000320193-0000320193-18-000145-us-gaap:Revenues-USD-2018-04-01-2018-06-30,0000320193-0000320193-18-000145,R0,us-gaap:Revenues,total_revenue,USD,2018-04-01,2018-06-30,53265000000,facts/us-gaap/Revenues/units/USD/8,f75f0d6dd4ac572ff063bada3df534d04ef08e843e437fa765efd79a2dd38f39
0000320193-0000320193-18-000145-us-gaap:Revenues-USD-2018-07-01-2018-09-29,0000320193-0000320193-18-000145,R0,us-gaap:Revenues,total_revenue,USD,2018-07-01,2018-09-29,62900000000,facts/us-gaap/Revenues/units/USD/10,ba05644ff9b81e0c85e606aa54ec81388afee27618205a03f95a2a585fb5d19d
0000320193-0000320193-19-000010-us-gaap:Assets-USD--2018-09-29,0000320193-0000320193-19-000010,R2,us-gaap:Assets,total_assets,USD,,2018-09-29,365725000000,facts/us-gaap/Assets/units/USD/84,e47abb3a2823804c52fdadd4515e4f6597ca8c1e0d00b23ad6af49dcfdb7dfab
0000320193-0000320193-19-000010-us-gaap:Assets-USD--2018-12-29,0000320193-0000320193-19-000010,R2,us-gaap:Assets,total_assets,USD,,2018-12-29,373719000000,facts/us-gaap/Assets/units/USD/88,e32d8548f25cad0853e2711a507b617c89b1f0f63fb24394b1813cab8d910614
0000320193-0000320193-19-000010-us-gaap:RevenueFromContractWithCustomerExcludingAssessedTax-USD-2017-10-01-2017-12-30,0000320193-0000320193-19-000010,R1,us-gaap:RevenueFromContractWithCustomerExcludingAssessedTax,revenue_from_contracts_with_customers,USD,2017-10-01,2017-12-30,88293000000,facts/us-gaap/RevenueFromContractWithCustomerExcludingAssessedTax/units/USD/1,1007243451f3025269ebaa326667d872bfca77170ae2ce6f2b0ff5df527ebdd0
0000320193-0000320193-19-000010-us-gaap:RevenueFromContractWithCustomerExcludingAssessedTax-USD-2018-09-30-2018-12-29,0000320193-0000320193-19-000010,R1,us-gaap:RevenueFromContractWithCustomerExcludingAssessedTax,revenue_from_contracts_with_customers,USD,2018-09-30,2018-12-29,84310000000,facts/us-gaap/RevenueFromContractWithCustomerExcludingAssessedTax/units/USD/12,b9ce460153fdc461b71e5ed035c39362b26308be173792b36280b5e8ba1aeb33
0000320193-0000320193-19-000066-us-gaap:Assets-USD--2018-09-29,0000320193-0000320193-19-000066,R2,us-gaap:Assets,total_assets,USD,,2018-09-29,365725000000,facts/us-gaap/Assets/units/USD/85,c3e6b76188c85258db912fa20f7fd0271c6c3d68ce3e9f1a8873deb1d3d23f0f
0000320193-0000320193-19-000066-us-gaap:Assets-USD--2019-03-30,0000320193-0000320193-19-000066,R2,us-gaap:Assets,total_assets,USD,,2019-03-30,341998000000,facts/us-gaap/Assets/units/USD/89,b6c31fdd2715bc4574038dec624e62364355eaa14098b0d22d53e921b817cdd0
0000320193-0000320193-19-000066-us-gaap:RevenueFromContractWithCustomerExcludingAssessedTax-USD-2017-10-01-2018-03-31,0000320193-0000320193-19-000066,R1,us-gaap:RevenueFromContractWithCustomerExcludingAssessedTax,revenue_from_contracts_with_customers,USD,2017-10-01,2018-03-31,149430000000,facts/us-gaap/RevenueFromContractWithCustomerExcludingAssessedTax/units/USD/3,abb77a7586d369eeb1cfc204e3ee6dc60b12b69b26f50bba454aa297dd6c8922
0000320193-0000320193-19-000066-us-gaap:RevenueFromContractWithCustomerExcludingAssessedTax-USD-2017-12-31-2018-03-31,0000320193-0000320193-19-000066,R1,us-gaap:RevenueFromContractWithCustomerExcludingAssessedTax,revenue_from_contracts_with_customers,USD,2017-12-31,2018-03-31,61137000000,facts/us-gaap/RevenueFromContractWithCustomerExcludingAssessedTax/units/USD/4,98297de9d87b3509f22d04ea6f48eda27926e9aba2fc24bca2fb8dcaf1dfe52b
0000320193-0000320193-19-000066-us-gaap:RevenueFromContractWithCustomerExcludingAssessedTax-USD-2018-09-30-2019-03-30,0000320193-0000320193-19-000066,R1,us-gaap:RevenueFromContractWithCustomerExcludingAssessedTax,revenue_from_contracts_with_customers,USD,2018-09-30,2019-03-30,142325000000,facts/us-gaap/RevenueFromContractWithCustomerExcludingAssessedTax/units/USD/16,93dc86bb8e1dc9d12b317d0ee903935b960f4a7f2281fc405d00ca110a868c15
0000320193-0000320193-19-000066-us-gaap:RevenueFromContractWithCustomerExcludingAssessedTax-USD-2018-12-30-2019-03-30,0000320193-0000320193-19-000066,R1,us-gaap:RevenueFromContractWithCustomerExcludingAssessedTax,revenue_from_contracts_with_customers,USD,2018-12-30,2019-03-30,58015000000,facts/us-gaap/RevenueFromContractWithCustomerExcludingAssessedTax/units/USD/18,fae367b541a0df8897855dd0b9b9ea93cf022b401deef9c4057ac99805e27083
0000320193-0000320193-19-000076-us-gaap:Assets-USD--2018-09-29,0000320193-0000320193-19-000076,R2,us-gaap:Assets,total_assets,USD,,2018-09-29,365725000000,facts/us-gaap/Assets/units/USD/86,a1b0badce8aa337bcccc48bb76770842a012525bd0122186c525552f72b91174
0000320193-0000320193-19-000076-us-gaap:Assets-USD--2019-06-29,0000320193-0000320193-19-000076,R2,us-gaap:Assets,total_assets,USD,,2019-06-29,322239000000,facts/us-gaap/Assets/units/USD/90,31971101b1332a00f0f6cac1fed9360c47fb1b42ca17e4b7fc0c31195f8ccc85
0000320193-0000320193-19-000076-us-gaap:RevenueFromContractWithCustomerExcludingAssessedTax-USD-2017-10-01-2018-06-30,0000320193-0000320193-19-000076,R1,us-gaap:RevenueFromContractWithCustomerExcludingAssessedTax,revenue_from_contracts_with_customers,USD,2017-10-01,2018-06-30,202695000000,facts/us-gaap/RevenueFromContractWithCustomerExcludingAssessedTax/units/USD/6,53f900dfddd313d853e82d7d1e5ac559e365c540e88df9ce732c0c53fa705185
0000320193-0000320193-19-000076-us-gaap:RevenueFromContractWithCustomerExcludingAssessedTax-USD-2018-04-01-2018-06-30,0000320193-0000320193-19-000076,R1,us-gaap:RevenueFromContractWithCustomerExcludingAssessedTax,revenue_from_contracts_with_customers,USD,2018-04-01,2018-06-30,53265000000,facts/us-gaap/RevenueFromContractWithCustomerExcludingAssessedTax/units/USD/7,f56cf33aea9541c4aa800c74c20150b2992724ccc9c443c015bd230f4e5ab1bc
0000320193-0000320193-19-000076-us-gaap:RevenueFromContractWithCustomerExcludingAssessedTax-USD-2018-09-30-2019-06-29,0000320193-0000320193-19-000076,R1,us-gaap:RevenueFromContractWithCustomerExcludingAssessedTax,revenue_from_contracts_with_customers,USD,2018-09-30,2019-06-29,196134000000,facts/us-gaap/RevenueFromContractWithCustomerExcludingAssessedTax/units/USD/22,3468860cecc6f79a754c344dc7c7b81784aba8f6f104941b30f61261790838a5
0000320193-0000320193-19-000076-us-gaap:RevenueFromContractWithCustomerExcludingAssessedTax-USD-2019-03-31-2019-06-29,0000320193-0000320193-19-000076,R1,us-gaap:RevenueFromContractWithCustomerExcludingAssessedTax,revenue_from_contracts_with_customers,USD,2019-03-31,2019-06-29,53809000000,facts/us-gaap/RevenueFromContractWithCustomerExcludingAssessedTax/units/USD/24,4a4d4a218cbb5ef9434001fd08ffd8f941da6fda214b7af209a94941f8aafb01
0000320193-0000320193-19-000119-us-gaap:Assets-USD--2018-09-29,0000320193-0000320193-19-000119,R2,us-gaap:Assets,total_assets,USD,,2018-09-29,365725000000,facts/us-gaap/Assets/units/USD/87,caf385adc325142d6ed809e82ee7d4103bb451730030a51b4725d2c84f68dbcf
0000320193-0000320193-19-000119-us-gaap:Assets-USD--2019-09-28,0000320193-0000320193-19-000119,R2,us-gaap:Assets,total_assets,USD,,2019-09-28,338516000000,facts/us-gaap/Assets/units/USD/91,f2ca6a27b049dbbe30368367b51d3995b206e0c73c9984583d020b0e731630a8
0000320193-0000320193-19-000119-us-gaap:RevenueFromContractWithCustomerExcludingAssessedTax-USD-2016-09-25-2017-09-30,0000320193-0000320193-19-000119,R1,us-gaap:RevenueFromContractWithCustomerExcludingAssessedTax,revenue_from_contracts_with_customers,USD,2016-09-25,2017-09-30,229234000000,facts/us-gaap/RevenueFromContractWithCustomerExcludingAssessedTax/units/USD/0,b48601020b523dc1ba20a3c0d527485ee9df19df3d9f44cd59b68cfa0d050d72
0000320193-0000320193-19-000119-us-gaap:RevenueFromContractWithCustomerExcludingAssessedTax-USD-2017-10-01-2017-12-30,0000320193-0000320193-19-000119,R1,us-gaap:RevenueFromContractWithCustomerExcludingAssessedTax,revenue_from_contracts_with_customers,USD,2017-10-01,2017-12-30,88293000000,facts/us-gaap/RevenueFromContractWithCustomerExcludingAssessedTax/units/USD/2,c7e139b6df6e69f6e95e4f2e194c56e7a55f8fb9d54b70b8edf14f2ab2f29dbc
0000320193-0000320193-19-000119-us-gaap:RevenueFromContractWithCustomerExcludingAssessedTax-USD-2017-10-01-2018-09-29,0000320193-0000320193-19-000119,R1,us-gaap:RevenueFromContractWithCustomerExcludingAssessedTax,revenue_from_contracts_with_customers,USD,2017-10-01,2018-09-29,265595000000,facts/us-gaap/RevenueFromContractWithCustomerExcludingAssessedTax/units/USD/9,85db957b757edbbfc885754803bd3aa193246bc72d93bbd98f048f439fcfa568
0000320193-0000320193-19-000119-us-gaap:RevenueFromContractWithCustomerExcludingAssessedTax-USD-2017-12-31-2018-03-31,0000320193-0000320193-19-000119,R1,us-gaap:RevenueFromContractWithCustomerExcludingAssessedTax,revenue_from_contracts_with_customers,USD,2017-12-31,2018-03-31,61137000000,facts/us-gaap/RevenueFromContractWithCustomerExcludingAssessedTax/units/USD/5,e05354f232678ed4321417f0f0ea67d256f90e2839c4fc362ff9ff9faff85528
0000320193-0000320193-19-000119-us-gaap:RevenueFromContractWithCustomerExcludingAssessedTax-USD-2018-04-01-2018-06-30,0000320193-0000320193-19-000119,R1,us-gaap:RevenueFromContractWithCustomerExcludingAssessedTax,revenue_from_contracts_with_customers,USD,2018-04-01,2018-06-30,53265000000,facts/us-gaap/RevenueFromContractWithCustomerExcludingAssessedTax/units/USD/8,86f1ceb7ef7bf6ebc9013145b2806f102069ebb4cce2dcc8dfbc08cf4844569f
0000320193-0000320193-19-000119-us-gaap:RevenueFromContractWithCustomerExcludingAssessedTax-USD-2018-07-01-2018-09-29,0000320193-0000320193-19-000119,R1,us-gaap:RevenueFromContractWithCustomerExcludingAssessedTax,revenue_from_contracts_with_customers,USD,2018-07-01,2018-09-29,62900000000,facts/us-gaap/RevenueFromContractWithCustomerExcludingAssessedTax/units/USD/11,e89b4c68857afa09e6619710c46237b5fcf88976091129ebb56d1f1938853f60
0000320193-0000320193-19-000119-us-gaap:RevenueFromContractWithCustomerExcludingAssessedTax-USD-2018-09-30-2018-12-29,0000320193-0000320193-19-000119,R1,us-gaap:RevenueFromContractWithCustomerExcludingAssessedTax,revenue_from_contracts_with_customers,USD,2018-09-30,2018-12-29,84310000000,facts/us-gaap/RevenueFromContractWithCustomerExcludingAssessedTax/units/USD/13,d18141466833cc6f0035fe909b453101c2b8a6f50e4de6a9c0b46484e2173801
0000320193-0000320193-19-000119-us-gaap:RevenueFromContractWithCustomerExcludingAssessedTax-USD-2018-09-30-2019-09-28,0000320193-0000320193-19-000119,R1,us-gaap:RevenueFromContractWithCustomerExcludingAssessedTax,revenue_from_contracts_with_customers,USD,2018-09-30,2019-09-28,260174000000,facts/us-gaap/RevenueFromContractWithCustomerExcludingAssessedTax/units/USD/28,bf1f9035440f0f4f077d554b475252235413b47999f5df3dc10009a4c734c248
0000320193-0000320193-19-000119-us-gaap:RevenueFromContractWithCustomerExcludingAssessedTax-USD-2018-12-30-2019-03-30,0000320193-0000320193-19-000119,R1,us-gaap:RevenueFromContractWithCustomerExcludingAssessedTax,revenue_from_contracts_with_customers,USD,2018-12-30,2019-03-30,58015000000,facts/us-gaap/RevenueFromContractWithCustomerExcludingAssessedTax/units/USD/19,986d4648730745573ba8213052566127a88b2078492af05f1b997734f13ff560
0000320193-0000320193-19-000119-us-gaap:RevenueFromContractWithCustomerExcludingAssessedTax-USD-2019-03-31-2019-06-29,0000320193-0000320193-19-000119,R1,us-gaap:RevenueFromContractWithCustomerExcludingAssessedTax,revenue_from_contracts_with_customers,USD,2019-03-31,2019-06-29,53809000000,facts/us-gaap/RevenueFromContractWithCustomerExcludingAssessedTax/units/USD/25,e687f2eee797e4ff7c779f9f8f6a94b3c62cd42bc956b0c3934e1aba9b215eb2
0000320193-0000320193-19-000119-us-gaap:RevenueFromContractWithCustomerExcludingAssessedTax-USD-2019-06-30-2019-09-28,0000320193-0000320193-19-000119,R1,us-gaap:RevenueFromContractWithCustomerExcludingAssessedTax,revenue_from_contracts_with_customers,USD,2019-06-30,2019-09-28,64040000000,facts/us-gaap/RevenueFromContractWithCustomerExcludingAssessedTax/units/USD/31,bcea79406ff014815ff249482a98db33cd8456feca6829b6843ae746e8d43a95
0000320193-0000320193-20-000010-us-gaap:Assets-USD--2019-09-28,0000320193-0000320193-20-000010,R2,us-gaap:Assets,total_assets,USD,,2019-09-28,338516000000,facts/us-gaap/Assets/units/USD/92,65796681d954322f6b4f92660ad1737fe18d62070dd2b5fa91c9dae8acf6c4ac
0000320193-0000320193-20-000010-us-gaap:Assets-USD--2019-12-28,0000320193-0000320193-20-000010,R2,us-gaap:Assets,total_assets,USD,,2019-12-28,340618000000,facts/us-gaap/Assets/units/USD/96,c443b01da8f12e8bd3c1d8ee661fbee8d3dcdbd7f454aac03cdf7d7fc562fb10
0000320193-0000320193-20-000010-us-gaap:RevenueFromContractWithCustomerExcludingAssessedTax-USD-2018-09-30-2018-12-29,0000320193-0000320193-20-000010,R1,us-gaap:RevenueFromContractWithCustomerExcludingAssessedTax,revenue_from_contracts_with_customers,USD,2018-09-30,2018-12-29,84310000000,facts/us-gaap/RevenueFromContractWithCustomerExcludingAssessedTax/units/USD/14,42b53dd5bf0d369d47242fab3a6dbed00cedb735920df8f6380d1c0e32399984
0000320193-0000320193-20-000010-us-gaap:RevenueFromContractWithCustomerExcludingAssessedTax-USD-2019-09-29-2019-12-28,0000320193-0000320193-20-000010,R1,us-gaap:RevenueFromContractWithCustomerExcludingAssessedTax,revenue_from_contracts_with_customers,USD,2019-09-29,2019-12-28,91819000000,facts/us-gaap/RevenueFromContractWithCustomerExcludingAssessedTax/units/USD/33,3cfda38afccb6187529117b2452ba6a887e44ca07074c518c29bb2d94c1b962f
0000320193-0000320193-20-000052-us-gaap:Assets-USD--2019-09-28,0000320193-0000320193-20-000052,R2,us-gaap:Assets,total_assets,USD,,2019-09-28,338516000000,facts/us-gaap/Assets/units/USD/93,6e608978844d79e4462b21d1dc80735e5ce94f21f8c71bc19c25c87be4cacc1f
0000320193-0000320193-20-000052-us-gaap:Assets-USD--2020-03-28,0000320193-0000320193-20-000052,R2,us-gaap:Assets,total_assets,USD,,2020-03-28,320400000000,facts/us-gaap/Assets/units/USD/97,35dabbb90b0144c418ae955f09791b8f97cacf4ba707a3e13a08bec3db7121cc
0000320193-0000320193-20-000052-us-gaap:RevenueFromContractWithCustomerExcludingAssessedTax-USD-2018-09-30-2019-03-30,0000320193-0000320193-20-000052,R1,us-gaap:RevenueFromContractWithCustomerExcludingAssessedTax,revenue_from_contracts_with_customers,USD,2018-09-30,2019-03-30,142325000000,facts/us-gaap/RevenueFromContractWithCustomerExcludingAssessedTax/units/USD/17,275702a336a1058b3b94d2aa8a2c4c0de28c997e77c635470494744a1ea0443b
0000320193-0000320193-20-000052-us-gaap:RevenueFromContractWithCustomerExcludingAssessedTax-USD-2018-12-30-2019-03-30,0000320193-0000320193-20-000052,R1,us-gaap:RevenueFromContractWithCustomerExcludingAssessedTax,revenue_from_contracts_with_customers,USD,2018-12-30,2019-03-30,58015000000,facts/us-gaap/RevenueFromContractWithCustomerExcludingAssessedTax/units/USD/20,2484e85d5a05b8d0501dbd7fdf30f9ef30a5185d6431714cc9257d0a682f8dfd
0000320193-0000320193-20-000052-us-gaap:RevenueFromContractWithCustomerExcludingAssessedTax-USD-2019-09-29-2020-03-28,0000320193-0000320193-20-000052,R1,us-gaap:RevenueFromContractWithCustomerExcludingAssessedTax,revenue_from_contracts_with_customers,USD,2019-09-29,2020-03-28,150132000000,facts/us-gaap/RevenueFromContractWithCustomerExcludingAssessedTax/units/USD/36,9adff8214429cc71d932615dc4bf841292c63991824e2700592632f1b962f9fa
0000320193-0000320193-20-000052-us-gaap:RevenueFromContractWithCustomerExcludingAssessedTax-USD-2019-12-29-2020-03-28,0000320193-0000320193-20-000052,R1,us-gaap:RevenueFromContractWithCustomerExcludingAssessedTax,revenue_from_contracts_with_customers,USD,2019-12-29,2020-03-28,58313000000,facts/us-gaap/RevenueFromContractWithCustomerExcludingAssessedTax/units/USD/38,96ed7e8b9567515bfb6582b189d0c7487d1f1b9db9f10d8c7a17561bbf47e2fe
0000320193-0000320193-20-000062-us-gaap:Assets-USD--2019-09-28,0000320193-0000320193-20-000062,R2,us-gaap:Assets,total_assets,USD,,2019-09-28,338516000000,facts/us-gaap/Assets/units/USD/94,0ee4d6ae31f2e638baa2f38b632506155f65dd44424bbbbdbe28baabdedc865b
0000320193-0000320193-20-000062-us-gaap:Assets-USD--2020-06-27,0000320193-0000320193-20-000062,R2,us-gaap:Assets,total_assets,USD,,2020-06-27,317344000000,facts/us-gaap/Assets/units/USD/98,d950de0ff3908c1beda762f0265a63fc310cf4aedee2eae23531d0db75313e2a
0000320193-0000320193-20-000062-us-gaap:RevenueFromContractWithCustomerExcludingAssessedTax-USD-2018-09-30-2019-06-29,0000320193-0000320193-20-000062,R1,us-gaap:RevenueFromContractWithCustomerExcludingAssessedTax,revenue_from_contracts_with_customers,USD,2018-09-30,2019-06-29,196134000000,facts/us-gaap/RevenueFromContractWithCustomerExcludingAssessedTax/units/USD/23,cb10ec5d48b6f8fcb4f467fb5c845057d726c42725c0159839a6796186f805ce
0000320193-0000320193-20-000062-us-gaap:RevenueFromContractWithCustomerExcludingAssessedTax-USD-2019-03-31-2019-06-29,0000320193-0000320193-20-000062,R1,us-gaap:RevenueFromContractWithCustomerExcludingAssessedTax,revenue_from_contracts_with_customers,USD,2019-03-31,2019-06-29,53809000000,facts/us-gaap/RevenueFromContractWithCustomerExcludingAssessedTax/units/USD/26,396ec95c9a634720435252f30e11c771beb6e6c990f15462b393a1a085aafb0f
0000320193-0000320193-20-000062-us-gaap:RevenueFromContractWithCustomerExcludingAssessedTax-USD-2019-09-29-2020-06-27,0000320193-0000320193-20-000062,R1,us-gaap:RevenueFromContractWithCustomerExcludingAssessedTax,revenue_from_contracts_with_customers,USD,2019-09-29,2020-06-27,209817000000,facts/us-gaap/RevenueFromContractWithCustomerExcludingAssessedTax/units/USD/41,9d60cc54860190be9471482864b9ac7676cd1176c7cd1b0202b956abb105c499
0000320193-0000320193-20-000062-us-gaap:RevenueFromContractWithCustomerExcludingAssessedTax-USD-2020-03-29-2020-06-27,0000320193-0000320193-20-000062,R1,us-gaap:RevenueFromContractWithCustomerExcludingAssessedTax,revenue_from_contracts_with_customers,USD,2020-03-29,2020-06-27,59685000000,facts/us-gaap/RevenueFromContractWithCustomerExcludingAssessedTax/units/USD/43,c05edf8fa0868a8c2a646907eae0a7c69de850bec9502cec0848276f9d517790
0000320193-0000320193-20-000096-us-gaap:Assets-USD--2019-09-28,0000320193-0000320193-20-000096,R2,us-gaap:Assets,total_assets,USD,,2019-09-28,338516000000,facts/us-gaap/Assets/units/USD/95,c01f7f9752a38efc062585c78e088deb4d9927ddc9fd495e4dbdd21e3b3f27ac
0000320193-0000320193-20-000096-us-gaap:Assets-USD--2020-09-26,0000320193-0000320193-20-000096,R2,us-gaap:Assets,total_assets,USD,,2020-09-26,323888000000,facts/us-gaap/Assets/units/USD/99,acc33b1679e7cca5babd0f2a7f34bf9dbe69c791a1d84439a8cb4070d68cd212
0000320193-0000320193-20-000096-us-gaap:RevenueFromContractWithCustomerExcludingAssessedTax-USD-2017-10-01-2018-09-29,0000320193-0000320193-20-000096,R1,us-gaap:RevenueFromContractWithCustomerExcludingAssessedTax,revenue_from_contracts_with_customers,USD,2017-10-01,2018-09-29,265595000000,facts/us-gaap/RevenueFromContractWithCustomerExcludingAssessedTax/units/USD/10,3a79bdfe7e11fdbb753df5ba8680f752da9610fd5d43e0580c229f25411440a9
0000320193-0000320193-20-000096-us-gaap:RevenueFromContractWithCustomerExcludingAssessedTax-USD-2018-09-30-2018-12-29,0000320193-0000320193-20-000096,R1,us-gaap:RevenueFromContractWithCustomerExcludingAssessedTax,revenue_from_contracts_with_customers,USD,2018-09-30,2018-12-29,84310000000,facts/us-gaap/RevenueFromContractWithCustomerExcludingAssessedTax/units/USD/15,9382621e4b5a68fe311729ba5d5350ce4ab8dc7522837b6c87de8272ef344a3f
0000320193-0000320193-20-000096-us-gaap:RevenueFromContractWithCustomerExcludingAssessedTax-USD-2018-09-30-2019-09-28,0000320193-0000320193-20-000096,R1,us-gaap:RevenueFromContractWithCustomerExcludingAssessedTax,revenue_from_contracts_with_customers,USD,2018-09-30,2019-09-28,260174000000,facts/us-gaap/RevenueFromContractWithCustomerExcludingAssessedTax/units/USD/29,f2f5d4a91bad0a00b1e8d2cadd890f34733b9ae2b36ae5aae17de64e836b9da1
0000320193-0000320193-20-000096-us-gaap:RevenueFromContractWithCustomerExcludingAssessedTax-USD-2018-12-30-2019-03-30,0000320193-0000320193-20-000096,R1,us-gaap:RevenueFromContractWithCustomerExcludingAssessedTax,revenue_from_contracts_with_customers,USD,2018-12-30,2019-03-30,58015000000,facts/us-gaap/RevenueFromContractWithCustomerExcludingAssessedTax/units/USD/21,48be66edb1b61ac0c575b0b5e45a0c60f9ee8da192bc59861429928e32f95bec
0000320193-0000320193-20-000096-us-gaap:RevenueFromContractWithCustomerExcludingAssessedTax-USD-2019-03-31-2019-06-29,0000320193-0000320193-20-000096,R1,us-gaap:RevenueFromContractWithCustomerExcludingAssessedTax,revenue_from_contracts_with_customers,USD,2019-03-31,2019-06-29,53809000000,facts/us-gaap/RevenueFromContractWithCustomerExcludingAssessedTax/units/USD/27,1af5c0d906492a29edcb05194c00fb969d1ddedab78df52e1a9186620abbc1c1
0000320193-0000320193-20-000096-us-gaap:RevenueFromContractWithCustomerExcludingAssessedTax-USD-2019-06-30-2019-09-28,0000320193-0000320193-20-000096,R1,us-gaap:RevenueFromContractWithCustomerExcludingAssessedTax,revenue_from_contracts_with_customers,USD,2019-06-30,2019-09-28,64040000000,facts/us-gaap/RevenueFromContractWithCustomerExcludingAssessedTax/units/USD/32,6f97f4f3aa9eb2de8d3bd4f7c446b6e10cea8a3e8a2868f6c8e18d622e2fb2ab
0000320193-0000320193-20-000096-us-gaap:RevenueFromContractWithCustomerExcludingAssessedTax-USD-2019-09-29-2019-12-28,0000320193-0000320193-20-000096,R1,us-gaap:RevenueFromContractWithCustomerExcludingAssessedTax,revenue_from_contracts_with_customers,USD,2019-09-29,2019-12-28,91819000000,facts/us-gaap/RevenueFromContractWithCustomerExcludingAssessedTax/units/USD/34,4fd6676fd8243ea6ff57198d901ac0c5d29744594d1edb02af289506e127954a
0000320193-0000320193-20-000096-us-gaap:RevenueFromContractWithCustomerExcludingAssessedTax-USD-2019-09-29-2020-09-26,0000320193-0000320193-20-000096,R1,us-gaap:RevenueFromContractWithCustomerExcludingAssessedTax,revenue_from_contracts_with_customers,USD,2019-09-29,2020-09-26,274515000000,facts/us-gaap/RevenueFromContractWithCustomerExcludingAssessedTax/units/USD/46,55e51a000c4138429c83eec5711bd996fbb301c1913b2f6d3cf99af37f92b54c
0000320193-0000320193-20-000096-us-gaap:RevenueFromContractWithCustomerExcludingAssessedTax-USD-2019-12-29-2020-03-28,0000320193-0000320193-20-000096,R1,us-gaap:RevenueFromContractWithCustomerExcludingAssessedTax,revenue_from_contracts_with_customers,USD,2019-12-29,2020-03-28,58313000000,facts/us-gaap/RevenueFromContractWithCustomerExcludingAssessedTax/units/USD/39,1c544fad2c16689af996eccf8b527069ef789e7f8f5665d2b1cd121a389a3e39
0000320193-0000320193-20-000096-us-gaap:RevenueFromContractWithCustomerExcludingAssessedTax-USD-2020-03-29-2020-06-27,0000320193-0000320193-20-000096,R1,us-gaap:RevenueFromContractWithCustomerExcludingAssessedTax,revenue_from_contracts_with_customers,USD,2020-03-29,2020-06-27,59685000000,facts/us-gaap/RevenueFromContractWithCustomerExcludingAssessedTax/units/USD/44,b96494e1a670013217a66839ca7157823fc6027fc816389a941dd9c4d04dbbaa
0000320193-0000320193-20-000096-us-gaap:RevenueFromContractWithCustomerExcludingAssessedTax-USD-2020-06-28-2020-09-26,0000320193-0000320193-20-000096,R1,us-gaap:RevenueFromContractWithCustomerExcludingAssessedTax,revenue_from_contracts_with_customers,USD,2020-06-28,2020-09-26,64698000000,facts/us-gaap/RevenueFromContractWithCustomerExcludingAssessedTax/units/USD/49,5d4ce45f504d9d499785c77ee7f5475bad046833022eaf600b5d33fa9d96e40d
0000320193-0000320193-21-000010-us-gaap:Assets-USD--2020-09-26,0000320193-0000320193-21-000010,R2,us-gaap:Assets,total_assets,USD,,2020-09-26,323888000000,facts/us-gaap/Assets/units/USD/100,2de0420784dd4d0a8d1d816194b136157702d924381ed132565cb9f0476c9272
0000320193-0000320193-21-000010-us-gaap:Assets-USD--2020-12-26,0000320193-0000320193-21-000010,R2,us-gaap:Assets,total_assets,USD,,2020-12-26,354054000000,facts/us-gaap/Assets/units/USD/104,0b5ce8fcf9af2833d1709749c02f02e1824961e2c081aac8a78388f551ee225a
0000320193-0000320193-21-000010-us-gaap:RevenueFromContractWithCustomerExcludingAssessedTax-USD-2019-09-29-2019-12-28,0000320193-0000320193-21-000010,R1,us-gaap:RevenueFromContractWithCustomerExcludingAssessedTax,revenue_from_contracts_with_customers,USD,2019-09-29,2019-12-28,91819000000,facts/us-gaap/RevenueFromContractWithCustomerExcludingAssessedTax/units/USD/35,d23c33efebfa723556df7e1aef6261458be4f9d014ff4d573e83b05078efa14c
0000320193-0000320193-21-000010-us-gaap:RevenueFromContractWithCustomerExcludingAssessedTax-USD-2020-09-27-2020-12-26,0000320193-0000320193-21-000010,R1,us-gaap:RevenueFromContractWithCustomerExcludingAssessedTax,revenue_from_contracts_with_customers,USD,2020-09-27,2020-12-26,111439000000,facts/us-gaap/RevenueFromContractWithCustomerExcludingAssessedTax/units/USD/50,163c1e9d8c85349644a400e210716afb710c9e95a9466f88aea23c3716bc8a09
0000320193-0000320193-21-000056-us-gaap:Assets-USD--2020-09-26,0000320193-0000320193-21-000056,R2,us-gaap:Assets,total_assets,USD,,2020-09-26,323888000000,facts/us-gaap/Assets/units/USD/101,7250709169206c659303cc4326bb0c57ffe7afe93617335bd0cee174e464c8d6
0000320193-0000320193-21-000056-us-gaap:Assets-USD--2021-03-27,0000320193-0000320193-21-000056,R2,us-gaap:Assets,total_assets,USD,,2021-03-27,337158000000,facts/us-gaap/Assets/units/USD/105,abe31f652b331da957111132f58f4bc9fdf2507fdd06a77325d52c1c3817f123
0000320193-0000320193-21-000056-us-gaap:RevenueFromContractWithCustomerExcludingAssessedTax-USD-2019-09-29-2020-03-28,0000320193-0000320193-21-000056,R1,us-gaap:RevenueFromContractWithCustomerExcludingAssessedTax,revenue_from_contracts_with_customers,USD,2019-09-29,2020-03-28,150132000000,facts/us-gaap/RevenueFromContractWithCustomerExcludingAssessedTax/units/USD/37,321e5dcda6e2aede06ac7dbe45cb93dc8a7adf2f201494e74a93eefcbb794349
0000320193-0000320193-21-000056-us-gaap:RevenueFromContractWithCustomerExcludingAssessedTax-USD-2019-12-29-2020-03-28,0000320193-0000320193-21-000056,R1,us-gaap:RevenueFromContractWithCustomerExcludingAssessedTax,revenue_from_contracts_with_customers,USD,2019-12-29,2020-03-28,58313000000,facts/us-gaap/RevenueFromContractWithCustomerExcludingAssessedTax/units/USD/40,5303800784e8c91c82e8aa42a1ff78d7960a00d23d655d39dee8866e2e67b801
0000320193-0000320193-21-000056-us-gaap:RevenueFromContractWithCustomerExcludingAssessedTax-USD-2020-09-27-2021-03-27,0000320193-0000320193-21-000056,R1,us-gaap:RevenueFromContractWithCustomerExcludingAssessedTax,revenue_from_contracts_with_customers,USD,2020-09-27,2021-03-27,201023000000,facts/us-gaap/RevenueFromContractWithCustomerExcludingAssessedTax/units/USD/52,26da33e31e091ecdf5eb8646877a397171c4cdfb1aa45003600ce27ef78925c3
0000320193-0000320193-21-000056-us-gaap:RevenueFromContractWithCustomerExcludingAssessedTax-USD-2020-12-27-2021-03-27,0000320193-0000320193-21-000056,R1,us-gaap:RevenueFromContractWithCustomerExcludingAssessedTax,revenue_from_contracts_with_customers,USD,2020-12-27,2021-03-27,89584000000,facts/us-gaap/RevenueFromContractWithCustomerExcludingAssessedTax/units/USD/54,fc25fb8af6de0a8169b0667056ffa02644c9898d1ca52fdbedc73e516525ae07
0000320193-0000320193-21-000065-us-gaap:Assets-USD--2020-09-26,0000320193-0000320193-21-000065,R2,us-gaap:Assets,total_assets,USD,,2020-09-26,323888000000,facts/us-gaap/Assets/units/USD/102,5fcaa08773cdcf546c38fd47f1b2781be01565dd7ee7b11ce1d27c95f50e4494
0000320193-0000320193-21-000065-us-gaap:Assets-USD--2021-06-26,0000320193-0000320193-21-000065,R2,us-gaap:Assets,total_assets,USD,,2021-06-26,329840000000,facts/us-gaap/Assets/units/USD/106,fd4ff68d5d3748a473ddaed7dd94ef61ac1d3f968ae39a10d9b270a956316e78
0000320193-0000320193-21-000065-us-gaap:RevenueFromContractWithCustomerExcludingAssessedTax-USD-2019-09-29-2020-06-27,0000320193-0000320193-21-000065,R1,us-gaap:RevenueFromContractWithCustomerExcludingAssessedTax,revenue_from_contracts_with_customers,USD,2019-09-29,2020-06-27,209817000000,facts/us-gaap/RevenueFromContractWithCustomerExcludingAssessedTax/units/USD/42,f23569b2f7ea4cc6e7b7e5cf8b99d926c33623f01b15b35487994c1abc7b90f3
0000320193-0000320193-21-000065-us-gaap:RevenueFromContractWithCustomerExcludingAssessedTax-USD-2020-03-29-2020-06-27,0000320193-0000320193-21-000065,R1,us-gaap:RevenueFromContractWithCustomerExcludingAssessedTax,revenue_from_contracts_with_customers,USD,2020-03-29,2020-06-27,59685000000,facts/us-gaap/RevenueFromContractWithCustomerExcludingAssessedTax/units/USD/45,dd4dcf7a4c980d06db2da39d770fc28e77548d8737c3dace2219cbc379eaca4a
0000320193-0000320193-21-000065-us-gaap:RevenueFromContractWithCustomerExcludingAssessedTax-USD-2020-09-27-2021-06-26,0000320193-0000320193-21-000065,R1,us-gaap:RevenueFromContractWithCustomerExcludingAssessedTax,revenue_from_contracts_with_customers,USD,2020-09-27,2021-06-26,282457000000,facts/us-gaap/RevenueFromContractWithCustomerExcludingAssessedTax/units/USD/56,9a149783bce748aec407b32b48cafe4aeeee833cf290be817d14d8e8545c56d7
0000320193-0000320193-21-000065-us-gaap:RevenueFromContractWithCustomerExcludingAssessedTax-USD-2021-03-28-2021-06-26,0000320193-0000320193-21-000065,R1,us-gaap:RevenueFromContractWithCustomerExcludingAssessedTax,revenue_from_contracts_with_customers,USD,2021-03-28,2021-06-26,81434000000,facts/us-gaap/RevenueFromContractWithCustomerExcludingAssessedTax/units/USD/58,6327545cb4729dd7e8073fe1c0ee418476bc5ea62fd7ef6f6054a9543000f19d
0000320193-0000320193-21-000105-us-gaap:Assets-USD--2020-09-26,0000320193-0000320193-21-000105,R2,us-gaap:Assets,total_assets,USD,,2020-09-26,323888000000,facts/us-gaap/Assets/units/USD/103,60fdc1ab4eb45f2021cad47c5e9bc669b112a36744fe549851aad1d70039fe94
0000320193-0000320193-21-000105-us-gaap:Assets-USD--2021-09-25,0000320193-0000320193-21-000105,R2,us-gaap:Assets,total_assets,USD,,2021-09-25,351002000000,facts/us-gaap/Assets/units/USD/107,cc0a7cbb0410dc29f8c58368e0c3e80acd34b7c5c9276689a8573a709e58ed5f
0000320193-0000320193-21-000105-us-gaap:RevenueFromContractWithCustomerExcludingAssessedTax-USD-2018-09-30-2019-09-28,0000320193-0000320193-21-000105,R1,us-gaap:RevenueFromContractWithCustomerExcludingAssessedTax,revenue_from_contracts_with_customers,USD,2018-09-30,2019-09-28,260174000000,facts/us-gaap/RevenueFromContractWithCustomerExcludingAssessedTax/units/USD/30,657046126dddbecbe8bd4bbf272ce8d607804df4df68ee70827e15c3ebba0033
0000320193-0000320193-21-000105-us-gaap:RevenueFromContractWithCustomerExcludingAssessedTax-USD-2019-09-29-2020-09-26,0000320193-0000320193-21-000105,R1,us-gaap:RevenueFromContractWithCustomerExcludingAssessedTax,revenue_from_contracts_with_customers,USD,2019-09-29,2020-09-26,274515000000,facts/us-gaap/RevenueFromContractWithCustomerExcludingAssessedTax/units/USD/47,24cc4ae01fe8ce6a172c913db1ef0d192b8cb9eae6ff295d565f9b411752aa2c
0000320193-0000320193-21-000105-us-gaap:RevenueFromContractWithCustomerExcludingAssessedTax-USD-2020-09-27-2021-09-25,0000320193-0000320193-21-000105,R1,us-gaap:RevenueFromContractWithCustomerExcludingAssessedTax,revenue_from_contracts_with_customers,USD,2020-09-27,2021-09-25,365817000000,facts/us-gaap/RevenueFromContractWithCustomerExcludingAssessedTax/units/USD/60,8300a93c79b41436a1fbd47f6d502fe9e6080ab52e61083197d9ce5dc188ebc0
0000320193-0000320193-22-000007-us-gaap:Assets-USD--2021-09-25,0000320193-0000320193-22-000007,R2,us-gaap:Assets,total_assets,USD,,2021-09-25,351002000000,facts/us-gaap/Assets/units/USD/108,ca486018d8aa58360a8f24af33155510264227bcf572710b2cba78ed6676db2a
0000320193-0000320193-22-000007-us-gaap:Assets-USD--2021-12-25,0000320193-0000320193-22-000007,R2,us-gaap:Assets,total_assets,USD,,2021-12-25,381191000000,facts/us-gaap/Assets/units/USD/112,f0d6499217c30e00218e5b7506cb57bca8e69c2569d57c5c24313b18343052e6
0000320193-0000320193-22-000007-us-gaap:RevenueFromContractWithCustomerExcludingAssessedTax-USD-2020-09-27-2020-12-26,0000320193-0000320193-22-000007,R1,us-gaap:RevenueFromContractWithCustomerExcludingAssessedTax,revenue_from_contracts_with_customers,USD,2020-09-27,2020-12-26,111439000000,facts/us-gaap/RevenueFromContractWithCustomerExcludingAssessedTax/units/USD/51,3537f63061907291aa9add8180ccf0688eede8a6e12693bbc6cfc5409c691a62
0000320193-0000320193-22-000007-us-gaap:RevenueFromContractWithCustomerExcludingAssessedTax-USD-2021-09-26-2021-12-25,0000320193-0000320193-22-000007,R1,us-gaap:RevenueFromContractWithCustomerExcludingAssessedTax,revenue_from_contracts_with_customers,USD,2021-09-26,2021-12-25,123945000000,facts/us-gaap/RevenueFromContractWithCustomerExcludingAssessedTax/units/USD/63,9ecb7ed9a9924f56d8c1960c60057f527f845f7b20e601c5650bc62c8c1d2dc4
0000320193-0000320193-22-000059-us-gaap:Assets-USD--2021-09-25,0000320193-0000320193-22-000059,R2,us-gaap:Assets,total_assets,USD,,2021-09-25,351002000000,facts/us-gaap/Assets/units/USD/109,8f593db512850420be8972261dac7dd2c38a552dc9c3f1207a569b88c0497ba7
0000320193-0000320193-22-000059-us-gaap:Assets-USD--2022-03-26,0000320193-0000320193-22-000059,R2,us-gaap:Assets,total_assets,USD,,2022-03-26,350662000000,facts/us-gaap/Assets/units/USD/113,d8189e6baeae94256a6c8f92352db964f9442df5f6e5e8924dc6130e54413a59
0000320193-0000320193-22-000059-us-gaap:RevenueFromContractWithCustomerExcludingAssessedTax-USD-2020-09-27-2021-03-27,0000320193-0000320193-22-000059,R1,us-gaap:RevenueFromContractWithCustomerExcludingAssessedTax,revenue_from_contracts_with_customers,USD,2020-09-27,2021-03-27,201023000000,facts/us-gaap/RevenueFromContractWithCustomerExcludingAssessedTax/units/USD/53,a12542a0f9bb4fc0b48019a393ca9fa2355939a8d06dda4919ce562f4ffdce39
0000320193-0000320193-22-000059-us-gaap:RevenueFromContractWithCustomerExcludingAssessedTax-USD-2020-12-27-2021-03-27,0000320193-0000320193-22-000059,R1,us-gaap:RevenueFromContractWithCustomerExcludingAssessedTax,revenue_from_contracts_with_customers,USD,2020-12-27,2021-03-27,89584000000,facts/us-gaap/RevenueFromContractWithCustomerExcludingAssessedTax/units/USD/55,a07f58efa003d2ed6e7cb89dd7789632b2c9ba98f26107799a7b1c6ca7e6a872
0000320193-0000320193-22-000059-us-gaap:RevenueFromContractWithCustomerExcludingAssessedTax-USD-2021-09-26-2022-03-26,0000320193-0000320193-22-000059,R1,us-gaap:RevenueFromContractWithCustomerExcludingAssessedTax,revenue_from_contracts_with_customers,USD,2021-09-26,2022-03-26,221223000000,facts/us-gaap/RevenueFromContractWithCustomerExcludingAssessedTax/units/USD/65,b125fade0f2dd71b608c8eb35a128e9b38e20474ffe67da95f7fc6fbf3c018e3
0000320193-0000320193-22-000059-us-gaap:RevenueFromContractWithCustomerExcludingAssessedTax-USD-2021-12-26-2022-03-26,0000320193-0000320193-22-000059,R1,us-gaap:RevenueFromContractWithCustomerExcludingAssessedTax,revenue_from_contracts_with_customers,USD,2021-12-26,2022-03-26,97278000000,facts/us-gaap/RevenueFromContractWithCustomerExcludingAssessedTax/units/USD/67,3c92a1a798e8dca208fe1badbddc1d1236257ceb12e17c8d7523fdbdff7d15e3
0000320193-0000320193-22-000070-us-gaap:Assets-USD--2021-09-25,0000320193-0000320193-22-000070,R2,us-gaap:Assets,total_assets,USD,,2021-09-25,351002000000,facts/us-gaap/Assets/units/USD/110,1c26440ad99c02fa26c7c71adc9a4660165bed5ccf9bacbb93f107f338b8e5f4
0000320193-0000320193-22-000070-us-gaap:Assets-USD--2022-06-25,0000320193-0000320193-22-000070,R2,us-gaap:Assets,total_assets,USD,,2022-06-25,336309000000,facts/us-gaap/Assets/units/USD/114,4e3b6c85ae444af03a5c6533ecf123d158604d78c64b5c677d13de5e26a9c1ff
0000320193-0000320193-22-000070-us-gaap:RevenueFromContractWithCustomerExcludingAssessedTax-USD-2020-09-27-2021-06-26,0000320193-0000320193-22-000070,R1,us-gaap:RevenueFromContractWithCustomerExcludingAssessedTax,revenue_from_contracts_with_customers,USD,2020-09-27,2021-06-26,282457000000,facts/us-gaap/RevenueFromContractWithCustomerExcludingAssessedTax/units/USD/57,e7aa27dc6d6dafea7e8c63631c64556064d11dd4440a99f0911979e9cdac58ea
0000320193-0000320193-22-000070-us-gaap:RevenueFromContractWithCustomerExcludingAssessedTax-USD-2021-03-28-2021-06-26,0000320193-0000320193-22-000070,R1,us-gaap:RevenueFromContractWithCustomerExcludingAssessedTax,revenue_from_contracts_with_customers,USD,2021-03-28,2021-06-26,81434000000,facts/us-gaap/RevenueFromContractWithCustomerExcludingAssessedTax/units/USD/59,9bdc875b26435fad9b4006c58350a5820120e3eaeeec14655a24ec3e1e0aa4e7
0000320193-0000320193-22-000070-us-gaap:RevenueFromContractWithCustomerExcludingAssessedTax-USD-2021-09-26-2022-06-25,0000320193-0000320193-22-000070,R1,us-gaap:RevenueFromContractWithCustomerExcludingAssessedTax,revenue_from_contracts_with_customers,USD,2021-09-26,2022-06-25,304182000000,facts/us-gaap/RevenueFromContractWithCustomerExcludingAssessedTax/units/USD/69,b0acdf39f49909eedd73fb4b7284acd22b4c431a2de695b5a1022bc9c6f3fdc6
0000320193-0000320193-22-000070-us-gaap:RevenueFromContractWithCustomerExcludingAssessedTax-USD-2022-03-27-2022-06-25,0000320193-0000320193-22-000070,R1,us-gaap:RevenueFromContractWithCustomerExcludingAssessedTax,revenue_from_contracts_with_customers,USD,2022-03-27,2022-06-25,82959000000,facts/us-gaap/RevenueFromContractWithCustomerExcludingAssessedTax/units/USD/71,3e232ed447e02599b114ffb95159fa61661b5bfaea2475aa40d06039fb412197
0000320193-0000320193-22-000108-us-gaap:Assets-USD--2021-09-25,0000320193-0000320193-22-000108,R2,us-gaap:Assets,total_assets,USD,,2021-09-25,351002000000,facts/us-gaap/Assets/units/USD/111,e9de60047a4c401b26bcbd4a740d63be5ed84c7674f1d2b3372a3140c18bb860
0000320193-0000320193-22-000108-us-gaap:Assets-USD--2022-09-24,0000320193-0000320193-22-000108,R2,us-gaap:Assets,total_assets,USD,,2022-09-24,352755000000,facts/us-gaap/Assets/units/USD/115,c13748746202fa6f8ba38c12553e18a14e8da3deb77f0a343e88b1c105d30bd0
0000320193-0000320193-22-000108-us-gaap:RevenueFromContractWithCustomerExcludingAssessedTax-USD-2019-09-29-2020-09-26,0000320193-0000320193-22-000108,R1,us-gaap:RevenueFromContractWithCustomerExcludingAssessedTax,revenue_from_contracts_with_customers,USD,2019-09-29,2020-09-26,274515000000,facts/us-gaap/RevenueFromContractWithCustomerExcludingAssessedTax/units/USD/48,bc61bd39ca8d0d116aa9ffcd3944072163c82b69a1d6141143f80453de49b0d6
0000320193-0000320193-22-000108-us-gaap:RevenueFromContractWithCustomerExcludingAssessedTax-USD-2020-09-27-2021-09-25,0000320193-0000320193-22-000108,R1,us-gaap:RevenueFromContractWithCustomerExcludingAssessedTax,revenue_from_contracts_with_customers,USD,2020-09-27,2021-09-25,365817000000,facts/us-gaap/RevenueFromContractWithCustomerExcludingAssessedTax/units/USD/61,79ef7fb1a92b842da828b724cd94f2fd99143aab759eaa903433c8bfc70f24d8
0000320193-0000320193-22-000108-us-gaap:RevenueFromContractWithCustomerExcludingAssessedTax-USD-2021-09-26-2022-09-24,0000320193-0000320193-22-000108,R1,us-gaap:RevenueFromContractWithCustomerExcludingAssessedTax,revenue_from_contracts_with_customers,USD,2021-09-26,2022-09-24,394328000000,facts/us-gaap/RevenueFromContractWithCustomerExcludingAssessedTax/units/USD/73,d7d7d2da3cfcfa9199c9d9e6bbcd84b0de9b7061de25c8e1c25d3520a8e51bbb
0000320193-0000320193-23-000006-us-gaap:Assets-USD--2022-09-24,0000320193-0000320193-23-000006,R2,us-gaap:Assets,total_assets,USD,,2022-09-24,352755000000,facts/us-gaap/Assets/units/USD/116,6abbee6495898e90e9eee1eaf2e668911727c0c6587926f0b011e342ba3700ca
0000320193-0000320193-23-000006-us-gaap:Assets-USD--2022-12-31,0000320193-0000320193-23-000006,R2,us-gaap:Assets,total_assets,USD,,2022-12-31,346747000000,facts/us-gaap/Assets/units/USD/120,e1f79b6979dc471bc338792aabd0f0cdaa9d0ea121860f1075990ed14f5be42a
0000320193-0000320193-23-000006-us-gaap:RevenueFromContractWithCustomerExcludingAssessedTax-USD-2021-09-26-2021-12-25,0000320193-0000320193-23-000006,R1,us-gaap:RevenueFromContractWithCustomerExcludingAssessedTax,revenue_from_contracts_with_customers,USD,2021-09-26,2021-12-25,123945000000,facts/us-gaap/RevenueFromContractWithCustomerExcludingAssessedTax/units/USD/64,667699430bd4442955088cdbc5b0cc2ca66f1b63cd0986f1ace6178b21de2aab
0000320193-0000320193-23-000006-us-gaap:RevenueFromContractWithCustomerExcludingAssessedTax-USD-2022-09-25-2022-12-31,0000320193-0000320193-23-000006,R1,us-gaap:RevenueFromContractWithCustomerExcludingAssessedTax,revenue_from_contracts_with_customers,USD,2022-09-25,2022-12-31,117154000000,facts/us-gaap/RevenueFromContractWithCustomerExcludingAssessedTax/units/USD/76,6f2285f11d047df66188301f4b6fe05eac45a8ba51bfddc8c9fdc42d7e64390b
0000320193-0000320193-23-000064-us-gaap:Assets-USD--2022-09-24,0000320193-0000320193-23-000064,R2,us-gaap:Assets,total_assets,USD,,2022-09-24,352755000000,facts/us-gaap/Assets/units/USD/117,b6ed3ae4c52867f88546fdd560afcbe48c85e7fb7b59258ff8cdb44a3e6b56fc
0000320193-0000320193-23-000064-us-gaap:Assets-USD--2023-04-01,0000320193-0000320193-23-000064,R2,us-gaap:Assets,total_assets,USD,,2023-04-01,332160000000,facts/us-gaap/Assets/units/USD/121,61678f6ef325bd70c6229101df0c23ce302b578bed0770934a49a433606e940d
0000320193-0000320193-23-000064-us-gaap:RevenueFromContractWithCustomerExcludingAssessedTax-USD-2021-09-26-2022-03-26,0000320193-0000320193-23-000064,R1,us-gaap:RevenueFromContractWithCustomerExcludingAssessedTax,revenue_from_contracts_with_customers,USD,2021-09-26,2022-03-26,221223000000,facts/us-gaap/RevenueFromContractWithCustomerExcludingAssessedTax/units/USD/66,aa33f82244dbdccde3cd3b3293eb8f7ed1549da5bb052111dcdf029a7fbd8914
0000320193-0000320193-23-000064-us-gaap:RevenueFromContractWithCustomerExcludingAssessedTax-USD-2021-12-26-2022-03-26,0000320193-0000320193-23-000064,R1,us-gaap:RevenueFromContractWithCustomerExcludingAssessedTax,revenue_from_contracts_with_customers,USD,2021-12-26,2022-03-26,97278000000,facts/us-gaap/RevenueFromContractWithCustomerExcludingAssessedTax/units/USD/68,aed728b80c3559bf8bedd0c4c0732d81f475be783e8c960b7bef066888fd5252
0000320193-0000320193-23-000064-us-gaap:RevenueFromContractWithCustomerExcludingAssessedTax-USD-2022-09-25-2023-04-01,0000320193-0000320193-23-000064,R1,us-gaap:RevenueFromContractWithCustomerExcludingAssessedTax,revenue_from_contracts_with_customers,USD,2022-09-25,2023-04-01,211990000000,facts/us-gaap/RevenueFromContractWithCustomerExcludingAssessedTax/units/USD/78,05c3187953afb0de35e9925e3b442175ff8958db1c5f33f37b5cf4745bec6386
0000320193-0000320193-23-000064-us-gaap:RevenueFromContractWithCustomerExcludingAssessedTax-USD-2023-01-01-2023-04-01,0000320193-0000320193-23-000064,R1,us-gaap:RevenueFromContractWithCustomerExcludingAssessedTax,revenue_from_contracts_with_customers,USD,2023-01-01,2023-04-01,94836000000,facts/us-gaap/RevenueFromContractWithCustomerExcludingAssessedTax/units/USD/80,8029557841ef4231bfdc7e3adf1cb173b57ceb69c088dd3c095664072ea4145f
0000320193-0000320193-23-000077-us-gaap:Assets-USD--2022-09-24,0000320193-0000320193-23-000077,R2,us-gaap:Assets,total_assets,USD,,2022-09-24,352755000000,facts/us-gaap/Assets/units/USD/118,7cf44f13b5890d28916bc274e814e2eddb57ec93e22d3f2e376130aafd297710
0000320193-0000320193-23-000077-us-gaap:Assets-USD--2023-07-01,0000320193-0000320193-23-000077,R2,us-gaap:Assets,total_assets,USD,,2023-07-01,335038000000,facts/us-gaap/Assets/units/USD/122,ee3a722f168bad2349d40af589ed1d08fadd274db0856ca22bd52b4d9cc4e83e
0000320193-0000320193-23-000077-us-gaap:RevenueFromContractWithCustomerExcludingAssessedTax-USD-2021-09-26-2022-06-25,0000320193-0000320193-23-000077,R1,us-gaap:RevenueFromContractWithCustomerExcludingAssessedTax,revenue_from_contracts_with_customers,USD,2021-09-26,2022-06-25,304182000000,facts/us-gaap/RevenueFromContractWithCustomerExcludingAssessedTax/units/USD/70,6ac0c384c1b4b050050dd41d567b42ff7cb9fc73a65e44316366837ba33bd865
0000320193-0000320193-23-000077-us-gaap:RevenueFromContractWithCustomerExcludingAssessedTax-USD-2022-03-27-2022-06-25,0000320193-0000320193-23-000077,R1,us-gaap:RevenueFromContractWithCustomerExcludingAssessedTax,revenue_from_contracts_with_customers,USD,2022-03-27,2022-06-25,82959000000,facts/us-gaap/RevenueFromContractWithCustomerExcludingAssessedTax/units/USD/72,603e0083948e725d4c1fd997f157e3fcddb73f4af1bfe0f24314acb98b1ff275
0000320193-0000320193-23-000077-us-gaap:RevenueFromContractWithCustomerExcludingAssessedTax-USD-2022-09-25-2023-07-01,0000320193-0000320193-23-000077,R1,us-gaap:RevenueFromContractWithCustomerExcludingAssessedTax,revenue_from_contracts_with_customers,USD,2022-09-25,2023-07-01,293787000000,facts/us-gaap/RevenueFromContractWithCustomerExcludingAssessedTax/units/USD/82,a2eda7f34b38be453be9e322b64d58e41a450be421aed8cd29991d015dc555ba
0000320193-0000320193-23-000077-us-gaap:RevenueFromContractWithCustomerExcludingAssessedTax-USD-2023-04-02-2023-07-01,0000320193-0000320193-23-000077,R1,us-gaap:RevenueFromContractWithCustomerExcludingAssessedTax,revenue_from_contracts_with_customers,USD,2023-04-02,2023-07-01,81797000000,facts/us-gaap/RevenueFromContractWithCustomerExcludingAssessedTax/units/USD/84,163976ed612b333346057aab0eabed45642391886819fcfd0681cb8e64eb83b1
0000320193-0000320193-23-000106-us-gaap:Assets-USD--2022-09-24,0000320193-0000320193-23-000106,R2,us-gaap:Assets,total_assets,USD,,2022-09-24,352755000000,facts/us-gaap/Assets/units/USD/119,a4909a4d3d22ffd95f35bc1269fd128fbb27432c18b26e8b4f18bb30df59db36
0000320193-0000320193-23-000106-us-gaap:Assets-USD--2023-09-30,0000320193-0000320193-23-000106,R2,us-gaap:Assets,total_assets,USD,,2023-09-30,352583000000,facts/us-gaap/Assets/units/USD/123,628dc8abe8da72fc35db54c86532e2f5e807a2594bf36f284641f58d3167b27a
0000320193-0000320193-23-000106-us-gaap:RevenueFromContractWithCustomerExcludingAssessedTax-USD-2020-09-27-2021-09-25,0000320193-0000320193-23-000106,R1,us-gaap:RevenueFromContractWithCustomerExcludingAssessedTax,revenue_from_contracts_with_customers,USD,2020-09-27,2021-09-25,365817000000,facts/us-gaap/RevenueFromContractWithCustomerExcludingAssessedTax/units/USD/62,cd65245ae1a34c192251e3e64cfc1d455c4efc0c66515e70d97155d61b45778d
0000320193-0000320193-23-000106-us-gaap:RevenueFromContractWithCustomerExcludingAssessedTax-USD-2021-09-26-2022-09-24,0000320193-0000320193-23-000106,R1,us-gaap:RevenueFromContractWithCustomerExcludingAssessedTax,revenue_from_contracts_with_customers,USD,2021-09-26,2022-09-24,394328000000,facts/us-gaap/RevenueFromContractWithCustomerExcludingAssessedTax/units/USD/74,4c452db6a7aad0e4aac439277476802afdefcddcf7402e92f2a151e852fb77ae
0000320193-0000320193-23-000106-us-gaap:RevenueFromContractWithCustomerExcludingAssessedTax-USD-2022-09-25-2023-09-30,0000320193-0000320193-23-000106,R1,us-gaap:RevenueFromContractWithCustomerExcludingAssessedTax,revenue_from_contracts_with_customers,USD,2022-09-25,2023-09-30,383285000000,facts/us-gaap/RevenueFromContractWithCustomerExcludingAssessedTax/units/USD/86,142aa8e4e9bc4900b309ebc11ae001a2dcd52eaf84598eabc378b234c41321cc
0000320193-0000320193-24-000006-us-gaap:Assets-USD--2023-09-30,0000320193-0000320193-24-000006,R2,us-gaap:Assets,total_assets,USD,,2023-09-30,352583000000,facts/us-gaap/Assets/units/USD/124,465765cd8ac5606fd5912abfb3dd4dc49d30ef496aa07214218f233fa3ab3bab
0000320193-0000320193-24-000006-us-gaap:Assets-USD--2023-12-30,0000320193-0000320193-24-000006,R2,us-gaap:Assets,total_assets,USD,,2023-12-30,353514000000,facts/us-gaap/Assets/units/USD/128,31faa17d1c48479b1ad7112a3e88dfe9f28249b4d95b774121ffa2f9abec9dd1
0000320193-0000320193-24-000006-us-gaap:RevenueFromContractWithCustomerExcludingAssessedTax-USD-2022-09-25-2022-12-31,0000320193-0000320193-24-000006,R1,us-gaap:RevenueFromContractWithCustomerExcludingAssessedTax,revenue_from_contracts_with_customers,USD,2022-09-25,2022-12-31,117154000000,facts/us-gaap/RevenueFromContractWithCustomerExcludingAssessedTax/units/USD/77,34e9602a8b97f922829d76902ff5536d2551102fd317ec1c4cce1f9cb524c1ca
0000320193-0000320193-24-000006-us-gaap:RevenueFromContractWithCustomerExcludingAssessedTax-USD-2023-10-01-2023-12-30,0000320193-0000320193-24-000006,R1,us-gaap:RevenueFromContractWithCustomerExcludingAssessedTax,revenue_from_contracts_with_customers,USD,2023-10-01,2023-12-30,119575000000,facts/us-gaap/RevenueFromContractWithCustomerExcludingAssessedTax/units/USD/89,010c6eb1cf90d20c0f0c44370e1d1b6fd359690f1395a90891e946eb1284e96d
0000320193-0000320193-24-000069-us-gaap:Assets-USD--2023-09-30,0000320193-0000320193-24-000069,R2,us-gaap:Assets,total_assets,USD,,2023-09-30,352583000000,facts/us-gaap/Assets/units/USD/125,926e375758c7255574eee2d442dff3915c12c93b5a07310b6875c744ee7ae921
0000320193-0000320193-24-000069-us-gaap:Assets-USD--2024-03-30,0000320193-0000320193-24-000069,R2,us-gaap:Assets,total_assets,USD,,2024-03-30,337411000000,facts/us-gaap/Assets/units/USD/129,9322510154ab64ac25f861c2a3843349367c6050d95322c1d7c2cc464062010c
0000320193-0000320193-24-000069-us-gaap:RevenueFromContractWithCustomerExcludingAssessedTax-USD-2022-09-25-2023-04-01,0000320193-0000320193-24-000069,R1,us-gaap:RevenueFromContractWithCustomerExcludingAssessedTax,revenue_from_contracts_with_customers,USD,2022-09-25,2023-04-01,211990000000,facts/us-gaap/RevenueFromContractWithCustomerExcludingAssessedTax/units/USD/79,7d65ec5b19a4d273926b8e1c6873bb7014801c206e7243c27facc8d7ea7c94e9
0000320193-0000320193-24-000069-us-gaap:RevenueFromContractWithCustomerExcludingAssessedTax-USD-2023-01-01-2023-04-01,0000320193-0000320193-24-000069,R1,us-gaap:RevenueFromContractWithCustomerExcludingAssessedTax,revenue_from_contracts_with_customers,USD,2023-01-01,2023-04-01,94836000000,facts/us-gaap/RevenueFromContractWithCustomerExcludingAssessedTax/units/USD/81,af2e4c702aa10b4bc8bb180f49fd354440c693e3bbfce74c0e501fbc9ea73ced
0000320193-0000320193-24-000069-us-gaap:RevenueFromContractWithCustomerExcludingAssessedTax-USD-2023-10-01-2024-03-30,0000320193-0000320193-24-000069,R1,us-gaap:RevenueFromContractWithCustomerExcludingAssessedTax,revenue_from_contracts_with_customers,USD,2023-10-01,2024-03-30,210328000000,facts/us-gaap/RevenueFromContractWithCustomerExcludingAssessedTax/units/USD/91,4eef780c445565ee5b614a443de136aa91ce3fc6d49199d12dd951dd943effaf
0000320193-0000320193-24-000069-us-gaap:RevenueFromContractWithCustomerExcludingAssessedTax-USD-2023-12-31-2024-03-30,0000320193-0000320193-24-000069,R1,us-gaap:RevenueFromContractWithCustomerExcludingAssessedTax,revenue_from_contracts_with_customers,USD,2023-12-31,2024-03-30,90753000000,facts/us-gaap/RevenueFromContractWithCustomerExcludingAssessedTax/units/USD/93,92647de22118b7d0b9f1d99f1e5d0bed1007fcaa88d3542e3bb069dce0b0d705
0000320193-0000320193-24-000081-us-gaap:Assets-USD--2023-09-30,0000320193-0000320193-24-000081,R2,us-gaap:Assets,total_assets,USD,,2023-09-30,352583000000,facts/us-gaap/Assets/units/USD/126,85d15a796f15975c1e776aae1ea51649399ba7b11863536bf296405bf6d85682
0000320193-0000320193-24-000081-us-gaap:Assets-USD--2024-06-29,0000320193-0000320193-24-000081,R2,us-gaap:Assets,total_assets,USD,,2024-06-29,331612000000,facts/us-gaap/Assets/units/USD/130,099b2e07b6c18727b125eb88250b5badc4f9dbf49c64001cf740bba4c46c2c95
0000320193-0000320193-24-000081-us-gaap:RevenueFromContractWithCustomerExcludingAssessedTax-USD-2022-09-25-2023-07-01,0000320193-0000320193-24-000081,R1,us-gaap:RevenueFromContractWithCustomerExcludingAssessedTax,revenue_from_contracts_with_customers,USD,2022-09-25,2023-07-01,293787000000,facts/us-gaap/RevenueFromContractWithCustomerExcludingAssessedTax/units/USD/83,e240c487e907c40609c017d4b492cec30230790be4819aebae1607da254948ba
0000320193-0000320193-24-000081-us-gaap:RevenueFromContractWithCustomerExcludingAssessedTax-USD-2023-04-02-2023-07-01,0000320193-0000320193-24-000081,R1,us-gaap:RevenueFromContractWithCustomerExcludingAssessedTax,revenue_from_contracts_with_customers,USD,2023-04-02,2023-07-01,81797000000,facts/us-gaap/RevenueFromContractWithCustomerExcludingAssessedTax/units/USD/85,cf22262eae87992d3ffac448490344bb91a0e009627badf10b554f938357a412
0000320193-0000320193-24-000081-us-gaap:RevenueFromContractWithCustomerExcludingAssessedTax-USD-2023-10-01-2024-06-29,0000320193-0000320193-24-000081,R1,us-gaap:RevenueFromContractWithCustomerExcludingAssessedTax,revenue_from_contracts_with_customers,USD,2023-10-01,2024-06-29,296105000000,facts/us-gaap/RevenueFromContractWithCustomerExcludingAssessedTax/units/USD/95,c0982fe2d543248ea396c2c93d9666692ceda9b44df441881765526adba3e27c
0000320193-0000320193-24-000081-us-gaap:RevenueFromContractWithCustomerExcludingAssessedTax-USD-2024-03-31-2024-06-29,0000320193-0000320193-24-000081,R1,us-gaap:RevenueFromContractWithCustomerExcludingAssessedTax,revenue_from_contracts_with_customers,USD,2024-03-31,2024-06-29,85777000000,facts/us-gaap/RevenueFromContractWithCustomerExcludingAssessedTax/units/USD/97,31ae8fc48b0768002126984f7ece5a4cbc552356a47bf9848de88d0303116b32
0000320193-0000320193-24-000123-us-gaap:Assets-USD--2023-09-30,0000320193-0000320193-24-000123,R2,us-gaap:Assets,total_assets,USD,,2023-09-30,352583000000,facts/us-gaap/Assets/units/USD/127,b0d640917d2639bdeeb6af63b651e8ddc52054f880498badb0c65e5192ed2be7
0000320193-0000320193-24-000123-us-gaap:Assets-USD--2024-09-28,0000320193-0000320193-24-000123,R2,us-gaap:Assets,total_assets,USD,,2024-09-28,364980000000,facts/us-gaap/Assets/units/USD/131,03aa55addc5235f65cfc076053a70ca1efa358bb9fd8cd6b9cc2522a7e249eb7
0000320193-0000320193-24-000123-us-gaap:RevenueFromContractWithCustomerExcludingAssessedTax-USD-2021-09-26-2022-09-24,0000320193-0000320193-24-000123,R1,us-gaap:RevenueFromContractWithCustomerExcludingAssessedTax,revenue_from_contracts_with_customers,USD,2021-09-26,2022-09-24,394328000000,facts/us-gaap/RevenueFromContractWithCustomerExcludingAssessedTax/units/USD/75,4338e2e094bd067f5b8f30b7e9bc7ddd3d23a7515f9063a34a664a8b22ce8a69
0000320193-0000320193-24-000123-us-gaap:RevenueFromContractWithCustomerExcludingAssessedTax-USD-2022-09-25-2023-09-30,0000320193-0000320193-24-000123,R1,us-gaap:RevenueFromContractWithCustomerExcludingAssessedTax,revenue_from_contracts_with_customers,USD,2022-09-25,2023-09-30,383285000000,facts/us-gaap/RevenueFromContractWithCustomerExcludingAssessedTax/units/USD/87,8c602c28a8838005586f6ef296a52a1d5f369ceb36abc99a85fd2daa58c0a61a
0000320193-0000320193-24-000123-us-gaap:RevenueFromContractWithCustomerExcludingAssessedTax-USD-2023-10-01-2024-09-28,0000320193-0000320193-24-000123,R1,us-gaap:RevenueFromContractWithCustomerExcludingAssessedTax,revenue_from_contracts_with_customers,USD,2023-10-01,2024-09-28,391035000000,facts/us-gaap/RevenueFromContractWithCustomerExcludingAssessedTax/units/USD/99,508bffd635ecf67db6849dc9016d011ae7ae92fa44a95b2b847be055701e0ce7
0000320193-0000320193-25-000008-us-gaap:Assets-USD--2024-09-28,0000320193-0000320193-25-000008,R2,us-gaap:Assets,total_assets,USD,,2024-09-28,364980000000,facts/us-gaap/Assets/units/USD/132,b5d25156b384ac58b90dfec48aa68095c1706df0bcd2f79ed6a6776f3357967c
0000320193-0000320193-25-000008-us-gaap:Assets-USD--2024-12-28,0000320193-0000320193-25-000008,R2,us-gaap:Assets,total_assets,USD,,2024-12-28,344085000000,facts/us-gaap/Assets/units/USD/136,ad8b39c1973b7b8c7e8646f13bbe7fb078e1e111a7a59be458b9f7a76e611be3
0000320193-0000320193-25-000008-us-gaap:RevenueFromContractWithCustomerExcludingAssessedTax-USD-2023-10-01-2023-12-30,0000320193-0000320193-25-000008,R1,us-gaap:RevenueFromContractWithCustomerExcludingAssessedTax,revenue_from_contracts_with_customers,USD,2023-10-01,2023-12-30,119575000000,facts/us-gaap/RevenueFromContractWithCustomerExcludingAssessedTax/units/USD/90,2e02157c5a5d506d7fc89e30661c136e4f092ab1564519cab6674d8975974c50
0000320193-0000320193-25-000008-us-gaap:RevenueFromContractWithCustomerExcludingAssessedTax-USD-2024-09-29-2024-12-28,0000320193-0000320193-25-000008,R1,us-gaap:RevenueFromContractWithCustomerExcludingAssessedTax,revenue_from_contracts_with_customers,USD,2024-09-29,2024-12-28,124300000000,facts/us-gaap/RevenueFromContractWithCustomerExcludingAssessedTax/units/USD/101,db1f12eef999993c85a0088f9c36321ef4810d0a0c77e366e150b2b7a54e4943
0000320193-0000320193-25-000057-us-gaap:Assets-USD--2024-09-28,0000320193-0000320193-25-000057,R2,us-gaap:Assets,total_assets,USD,,2024-09-28,364980000000,facts/us-gaap/Assets/units/USD/133,18791eec3d3b73435e501bf0ca12a986ecd2dea60d5744dff36701cecb7d7e87
0000320193-0000320193-25-000057-us-gaap:Assets-USD--2025-03-29,0000320193-0000320193-25-000057,R2,us-gaap:Assets,total_assets,USD,,2025-03-29,331233000000,facts/us-gaap/Assets/units/USD/137,1af1d8d1851170aa6735be0e4f418b62e4282d075302992db108489953740820
0000320193-0000320193-25-000057-us-gaap:RevenueFromContractWithCustomerExcludingAssessedTax-USD-2023-10-01-2024-03-30,0000320193-0000320193-25-000057,R1,us-gaap:RevenueFromContractWithCustomerExcludingAssessedTax,revenue_from_contracts_with_customers,USD,2023-10-01,2024-03-30,210328000000,facts/us-gaap/RevenueFromContractWithCustomerExcludingAssessedTax/units/USD/92,428175606d626218fd7dae629acfbb6ca0b62226713a950f842495186acd3b10
0000320193-0000320193-25-000057-us-gaap:RevenueFromContractWithCustomerExcludingAssessedTax-USD-2023-12-31-2024-03-30,0000320193-0000320193-25-000057,R1,us-gaap:RevenueFromContractWithCustomerExcludingAssessedTax,revenue_from_contracts_with_customers,USD,2023-12-31,2024-03-30,90753000000,facts/us-gaap/RevenueFromContractWithCustomerExcludingAssessedTax/units/USD/94,b84f14ea15abe68df7d19e7ed7a6ce117087266ab09da0092d6f4ca75810de77
0000320193-0000320193-25-000057-us-gaap:RevenueFromContractWithCustomerExcludingAssessedTax-USD-2024-09-29-2025-03-29,0000320193-0000320193-25-000057,R1,us-gaap:RevenueFromContractWithCustomerExcludingAssessedTax,revenue_from_contracts_with_customers,USD,2024-09-29,2025-03-29,219659000000,facts/us-gaap/RevenueFromContractWithCustomerExcludingAssessedTax/units/USD/103,b986e9ad245bdcc8f467845c8e593f7d6d51a7a62818e11c1b34d80283943f20
0000320193-0000320193-25-000057-us-gaap:RevenueFromContractWithCustomerExcludingAssessedTax-USD-2024-12-29-2025-03-29,0000320193-0000320193-25-000057,R1,us-gaap:RevenueFromContractWithCustomerExcludingAssessedTax,revenue_from_contracts_with_customers,USD,2024-12-29,2025-03-29,95359000000,facts/us-gaap/RevenueFromContractWithCustomerExcludingAssessedTax/units/USD/105,38bc9319100ff81a5153e9f05bd6f49186a7b539ef16437fbdfd95db6474be59
0000320193-0000320193-25-000073-us-gaap:Assets-USD--2024-09-28,0000320193-0000320193-25-000073,R2,us-gaap:Assets,total_assets,USD,,2024-09-28,364980000000,facts/us-gaap/Assets/units/USD/134,d90b266d395bdbfc86abb70d6d3186bda060bedab1d88813998b1dcd839a773e
0000320193-0000320193-25-000073-us-gaap:Assets-USD--2025-06-28,0000320193-0000320193-25-000073,R2,us-gaap:Assets,total_assets,USD,,2025-06-28,331495000000,facts/us-gaap/Assets/units/USD/138,d86fa4322576a10094fe3ff11f79058fa0acb5b75f76b9505227d2ff467e80f0
0000320193-0000320193-25-000073-us-gaap:RevenueFromContractWithCustomerExcludingAssessedTax-USD-2023-10-01-2024-06-29,0000320193-0000320193-25-000073,R1,us-gaap:RevenueFromContractWithCustomerExcludingAssessedTax,revenue_from_contracts_with_customers,USD,2023-10-01,2024-06-29,296105000000,facts/us-gaap/RevenueFromContractWithCustomerExcludingAssessedTax/units/USD/96,0cf10944f68f8fc0f875c3e4b1348c958ab559e2181a7c5e18477b0a3a98100f
0000320193-0000320193-25-000073-us-gaap:RevenueFromContractWithCustomerExcludingAssessedTax-USD-2024-03-31-2024-06-29,0000320193-0000320193-25-000073,R1,us-gaap:RevenueFromContractWithCustomerExcludingAssessedTax,revenue_from_contracts_with_customers,USD,2024-03-31,2024-06-29,85777000000,facts/us-gaap/RevenueFromContractWithCustomerExcludingAssessedTax/units/USD/98,8d880b3fca09f30bb4e9cf96d162d3b2d7ed607ebc0632c0e3864bfe1ef10c63
0000320193-0000320193-25-000073-us-gaap:RevenueFromContractWithCustomerExcludingAssessedTax-USD-2024-09-29-2025-06-28,0000320193-0000320193-25-000073,R1,us-gaap:RevenueFromContractWithCustomerExcludingAssessedTax,revenue_from_contracts_with_customers,USD,2024-09-29,2025-06-28,313695000000,facts/us-gaap/RevenueFromContractWithCustomerExcludingAssessedTax/units/USD/107,b768f4943e827cd33eb0261cca4227b621d35783ad0cd2a40706ef3b0e12bac2
0000320193-0000320193-25-000073-us-gaap:RevenueFromContractWithCustomerExcludingAssessedTax-USD-2025-03-30-2025-06-28,0000320193-0000320193-25-000073,R1,us-gaap:RevenueFromContractWithCustomerExcludingAssessedTax,revenue_from_contracts_with_customers,USD,2025-03-30,2025-06-28,94036000000,facts/us-gaap/RevenueFromContractWithCustomerExcludingAssessedTax/units/USD/109,a71faaa6d26e579ea520d12481a89e6611d0e0a207214108ee3cee8d283f9bc1
0000320193-0000320193-25-000079-us-gaap:Assets-USD--2024-09-28,0000320193-0000320193-25-000079,R2,us-gaap:Assets,total_assets,USD,,2024-09-28,364980000000,facts/us-gaap/Assets/units/USD/135,d1277e5c79182703cde956f4799b7d1bb91cf867514c5efad5801363c948f27e
0000320193-0000320193-25-000079-us-gaap:Assets-USD--2025-09-27,0000320193-0000320193-25-000079,R2,us-gaap:Assets,total_assets,USD,,2025-09-27,359241000000,facts/us-gaap/Assets/units/USD/139,5cea222ccfb2244563e228dcf4643151acbdbb24e5719a4f72d5fc6239bc5cad
0000320193-0000320193-25-000079-us-gaap:RevenueFromContractWithCustomerExcludingAssessedTax-USD-2022-09-25-2023-09-30,0000320193-0000320193-25-000079,R1,us-gaap:RevenueFromContractWithCustomerExcludingAssessedTax,revenue_from_contracts_with_customers,USD,2022-09-25,2023-09-30,383285000000,facts/us-gaap/RevenueFromContractWithCustomerExcludingAssessedTax/units/USD/88,bd56fc1bb4fcbf9fe0e1d0965697a8b3fb95ff8a2c862ac3d7c82c193fce7d49
0000320193-0000320193-25-000079-us-gaap:RevenueFromContractWithCustomerExcludingAssessedTax-USD-2023-10-01-2024-09-28,0000320193-0000320193-25-000079,R1,us-gaap:RevenueFromContractWithCustomerExcludingAssessedTax,revenue_from_contracts_with_customers,USD,2023-10-01,2024-09-28,391035000000,facts/us-gaap/RevenueFromContractWithCustomerExcludingAssessedTax/units/USD/100,d26956b09b521c81dfdd0616a88768831557a161b1dc3e2cbf87aa004436992e
0000320193-0000320193-25-000079-us-gaap:RevenueFromContractWithCustomerExcludingAssessedTax-USD-2024-09-29-2025-09-27,0000320193-0000320193-25-000079,R1,us-gaap:RevenueFromContractWithCustomerExcludingAssessedTax,revenue_from_contracts_with_customers,USD,2024-09-29,2025-09-27,416161000000,facts/us-gaap/RevenueFromContractWithCustomerExcludingAssessedTax/units/USD/111,42254730c0423ec0aa25130c85ae54816e57a70b56c3ccf13f88c097d34f921f
0000320193-0000320193-26-000006-us-gaap:Assets-USD--2025-09-27,0000320193-0000320193-26-000006,R2,us-gaap:Assets,total_assets,USD,,2025-09-27,359241000000,facts/us-gaap/Assets/units/USD/140,4298afe3e2b5ee3ea2ce6992b6b01a897f84814efdb5de538de35809254767f7
0000320193-0000320193-26-000006-us-gaap:Assets-USD--2025-12-27,0000320193-0000320193-26-000006,R2,us-gaap:Assets,total_assets,USD,,2025-12-27,379297000000,facts/us-gaap/Assets/units/USD/143,08ecc2ba27dfa43087c0b82cbe9571a47f815ff46333e27df64fa833d27b86e8
0000320193-0000320193-26-000006-us-gaap:RevenueFromContractWithCustomerExcludingAssessedTax-USD-2024-09-29-2024-12-28,0000320193-0000320193-26-000006,R1,us-gaap:RevenueFromContractWithCustomerExcludingAssessedTax,revenue_from_contracts_with_customers,USD,2024-09-29,2024-12-28,124300000000,facts/us-gaap/RevenueFromContractWithCustomerExcludingAssessedTax/units/USD/102,a6ab196aee55f7e8be187fbd1d266827ea608e13f527b8549e2b34493a5266ed
0000320193-0000320193-26-000006-us-gaap:RevenueFromContractWithCustomerExcludingAssessedTax-USD-2025-09-28-2025-12-27,0000320193-0000320193-26-000006,R1,us-gaap:RevenueFromContractWithCustomerExcludingAssessedTax,revenue_from_contracts_with_customers,USD,2025-09-28,2025-12-27,143756000000,facts/us-gaap/RevenueFromContractWithCustomerExcludingAssessedTax/units/USD/112,e3e88263651d3c2080fed2ae907224aa0d7eb6077d6133d15e14fd0cfa1a3431
0000320193-0000320193-26-000013-us-gaap:Assets-USD--2025-09-27,0000320193-0000320193-26-000013,R2,us-gaap:Assets,total_assets,USD,,2025-09-27,359241000000,facts/us-gaap/Assets/units/USD/141,275e13c3eaf9f122db801b9eb794f54b3c8ca846f1fdf5cb04656a2557d491e7
0000320193-0000320193-26-000013-us-gaap:Assets-USD--2026-03-28,0000320193-0000320193-26-000013,R2,us-gaap:Assets,total_assets,USD,,2026-03-28,371082000000,facts/us-gaap/Assets/units/USD/144,a935fbd94badfef3de682d3d448a3547bbcce7cf0f10eea6edad38b07d704893
0000320193-0000320193-26-000013-us-gaap:RevenueFromContractWithCustomerExcludingAssessedTax-USD-2024-09-29-2025-03-29,0000320193-0000320193-26-000013,R1,us-gaap:RevenueFromContractWithCustomerExcludingAssessedTax,revenue_from_contracts_with_customers,USD,2024-09-29,2025-03-29,219659000000,facts/us-gaap/RevenueFromContractWithCustomerExcludingAssessedTax/units/USD/104,169a732a3ffd7028ee62657f6e442c5d3c9464fe72bcde823914f15916978180
0000320193-0000320193-26-000013-us-gaap:RevenueFromContractWithCustomerExcludingAssessedTax-USD-2024-12-29-2025-03-29,0000320193-0000320193-26-000013,R1,us-gaap:RevenueFromContractWithCustomerExcludingAssessedTax,revenue_from_contracts_with_customers,USD,2024-12-29,2025-03-29,95359000000,facts/us-gaap/RevenueFromContractWithCustomerExcludingAssessedTax/units/USD/106,a4d100540dd6e95e16f6ee423d48e303261b7b85b5e801de45fae2ba2394c91b
0000320193-0000320193-26-000013-us-gaap:RevenueFromContractWithCustomerExcludingAssessedTax-USD-2025-09-28-2026-03-28,0000320193-0000320193-26-000013,R1,us-gaap:RevenueFromContractWithCustomerExcludingAssessedTax,revenue_from_contracts_with_customers,USD,2025-09-28,2026-03-28,254940000000,facts/us-gaap/RevenueFromContractWithCustomerExcludingAssessedTax/units/USD/113,0a255f5b4b35aa5295e2a164cbb4b16a9468db66b8041d73fcbc13730d1acdf0
0000320193-0000320193-26-000013-us-gaap:RevenueFromContractWithCustomerExcludingAssessedTax-USD-2025-12-28-2026-03-28,0000320193-0000320193-26-000013,R1,us-gaap:RevenueFromContractWithCustomerExcludingAssessedTax,revenue_from_contracts_with_customers,USD,2025-12-28,2026-03-28,111184000000,facts/us-gaap/RevenueFromContractWithCustomerExcludingAssessedTax/units/USD/114,f06a92b32796cd02b49894188110108ee920954bf03edc7adadf26dc15d21304
0000320193-0000320193-26-000020-us-gaap:Assets-USD--2025-09-27,0000320193-0000320193-26-000020,R2,us-gaap:Assets,total_assets,USD,,2025-09-27,359241000000,facts/us-gaap/Assets/units/USD/142,7e8450e48c71a60e3b1b67374afcb2caa3ddd2d68fdb3265b98ff928f7974f1d
0000320193-0000320193-26-000020-us-gaap:Assets-USD--2026-06-27,0000320193-0000320193-26-000020,R2,us-gaap:Assets,total_assets,USD,,2026-06-27,383266000000,facts/us-gaap/Assets/units/USD/145,c2b53b1614e004489a8e3dc9b0b3aa80c9564fb00ae47f9ce6c52d878ea661d6
0000320193-0000320193-26-000020-us-gaap:RevenueFromContractWithCustomerExcludingAssessedTax-USD-2024-09-29-2025-06-28,0000320193-0000320193-26-000020,R1,us-gaap:RevenueFromContractWithCustomerExcludingAssessedTax,revenue_from_contracts_with_customers,USD,2024-09-29,2025-06-28,313695000000,facts/us-gaap/RevenueFromContractWithCustomerExcludingAssessedTax/units/USD/108,7b2b5d977ddd60e3041094b512b5c5c8ae62d79eeef52d4312f18ade26d7eab7
0000320193-0000320193-26-000020-us-gaap:RevenueFromContractWithCustomerExcludingAssessedTax-USD-2025-03-30-2025-06-28,0000320193-0000320193-26-000020,R1,us-gaap:RevenueFromContractWithCustomerExcludingAssessedTax,revenue_from_contracts_with_customers,USD,2025-03-30,2025-06-28,94036000000,facts/us-gaap/RevenueFromContractWithCustomerExcludingAssessedTax/units/USD/110,92ffb948e14b387548481b43b06052e4202d25b8e73df7d106a70202807400a1
0000320193-0000320193-26-000020-us-gaap:RevenueFromContractWithCustomerExcludingAssessedTax-USD-2025-09-28-2026-06-27,0000320193-0000320193-26-000020,R1,us-gaap:RevenueFromContractWithCustomerExcludingAssessedTax,revenue_from_contracts_with_customers,USD,2025-09-28,2026-06-27,364357000000,facts/us-gaap/RevenueFromContractWithCustomerExcludingAssessedTax/units/USD/115,a47d2191ab5b182d27325f55a377763aa349a40f7479be5635c1168bfb1d4cfe
0000320193-0000320193-26-000020-us-gaap:RevenueFromContractWithCustomerExcludingAssessedTax-USD-2026-03-29-2026-06-27,0000320193-0000320193-26-000020,R1,us-gaap:RevenueFromContractWithCustomerExcludingAssessedTax,revenue_from_contracts_with_customers,USD,2026-03-29,2026-06-27,109417000000,facts/us-gaap/RevenueFromContractWithCustomerExcludingAssessedTax/units/USD/116,1a65590099dfd783c290810962ca3cd4a81b591010fd627a86cf390b973449a7
0000320193-0001193125-15-356351-us-gaap:Assets-USD--2014-09-27,0000320193-0001193125-15-356351,R2,us-gaap:Assets,total_assets,USD,,2014-09-27,231839000000,facts/us-gaap/Assets/units/USD/55,e226e4491c473af252422adef49ac20af4e06fd2c9446a66468317c8ce159a74
0000320193-0001193125-15-356351-us-gaap:Assets-USD--2015-09-26,0000320193-0001193125-15-356351,R2,us-gaap:Assets,total_assets,USD,,2015-09-26,290479000000,facts/us-gaap/Assets/units/USD/59,4e47e6a671728aeddc3dc99f6a6feae2a89eb4943bf792e5f7f1b23d2f3f5f6e
0000320193-0001193125-16-439878-us-gaap:Assets-USD--2015-09-26,0000320193-0001193125-16-439878,R2,us-gaap:Assets,total_assets,USD,,2015-09-26,290479000000,facts/us-gaap/Assets/units/USD/60,2e312f18b2fac2a510147def9f653e93e2cfb6ffef197536a11130916f211b1b
0000320193-0001193125-16-439878-us-gaap:Assets-USD--2015-12-26,0000320193-0001193125-16-439878,R2,us-gaap:Assets,total_assets,USD,,2015-12-26,293284000000,facts/us-gaap/Assets/units/USD/64,a4075ea7a4b70879f9a40d2c58bdeec7bb5b2820dc74b9e601b76bf8e77a4ea3
0000320193-0001193125-16-559625-us-gaap:Assets-USD--2015-09-26,0000320193-0001193125-16-559625,R2,us-gaap:Assets,total_assets,USD,,2015-09-26,290479000000,facts/us-gaap/Assets/units/USD/61,f40bbcc3f657dd249105e02e2a3bdeea4196eb66be89d1f4cd7563ededba35b3
0000320193-0001193125-16-559625-us-gaap:Assets-USD--2016-03-26,0000320193-0001193125-16-559625,R2,us-gaap:Assets,total_assets,USD,,2016-03-26,305277000000,facts/us-gaap/Assets/units/USD/65,97c2cad00ed6fbb9efdcd6a007631b5a715b3cef1b59afc8f7e52df030ef0783
0000320193-0001628280-16-017809-us-gaap:Assets-USD--2015-09-26,0000320193-0001628280-16-017809,R2,us-gaap:Assets,total_assets,USD,,2015-09-26,290479000000,facts/us-gaap/Assets/units/USD/62,5eab932a918f4a7969160ed60222617f387a30ca14f0e9c535b7aa94e5d0d151
0000320193-0001628280-16-017809-us-gaap:Assets-USD--2016-06-25,0000320193-0001628280-16-017809,R2,us-gaap:Assets,total_assets,USD,,2016-06-25,305602000000,facts/us-gaap/Assets/units/USD/66,8cec21fe2579d6b79a2bf9ee6cae0303a2faedd22f09a03eb4898c550d839130
0000320193-0001628280-16-020309-us-gaap:Assets-USD--2015-09-26,0000320193-0001628280-16-020309,R2,us-gaap:Assets,total_assets,USD,,2015-09-26,290345000000,facts/us-gaap/Assets/units/USD/63,b5033704120b0d2b377b2fbb4b667848ab12a5846781de69e421fb947129997b
0000320193-0001628280-16-020309-us-gaap:Assets-USD--2016-09-24,0000320193-0001628280-16-020309,R2,us-gaap:Assets,total_assets,USD,,2016-09-24,321686000000,facts/us-gaap/Assets/units/USD/67,29f1279b419aaf28de84ac9e13b73e1506db7cc3985eaf8ee99d537432b7c5cd
0000320193-0001628280-17-000717-us-gaap:Assets-USD--2016-09-24,0000320193-0001628280-17-000717,R2,us-gaap:Assets,total_assets,USD,,2016-09-24,321686000000,facts/us-gaap/Assets/units/USD/68,3b9010ffff919999d4e76bcf49e07696f2f9eaa0e55f48100abb06b4330bc36f
0000320193-0001628280-17-000717-us-gaap:Assets-USD--2016-12-31,0000320193-0001628280-17-000717,R2,us-gaap:Assets,total_assets,USD,,2016-12-31,331141000000,facts/us-gaap/Assets/units/USD/72,12b0368ee21018c1936a348aa8f891917b42befab672505f90f009c3b6b45e18
0000320193-0001628280-17-004790-us-gaap:Assets-USD--2016-09-24,0000320193-0001628280-17-004790,R2,us-gaap:Assets,total_assets,USD,,2016-09-24,321686000000,facts/us-gaap/Assets/units/USD/69,8611106cec721d60def0aa476819dbba6cb53cdadfbf4896feae43db9228ad91
0000320193-0001628280-17-004790-us-gaap:Assets-USD--2017-04-01,0000320193-0001628280-17-004790,R2,us-gaap:Assets,total_assets,USD,,2017-04-01,334532000000,facts/us-gaap/Assets/units/USD/73,abf2cc0d733cb445c5c85eb091701f871920120f268cdb8f235f47039fa9c75a
